feature_condition,lime_weight,abs_lime_weight
num__abomm <= 0.00,-0.45048270731892714,0.45048270731892714
num__pra > 34.25,0.3773378794397883,0.3773378794397883
num__rbmi <= 24.15,-0.17258441830212518,0.17258441830212518
num__age10 <= 4.20,0.1567308003646325,0.1567308003646325
num__dageattx <= 44.66,0.07908211465326102,0.07908211465326102
cat__ethnicity_Other <= 0.00,-0.07881636000494234,0.07881636000494234
num__mmdr <= 0.00,-0.07663230933728468,0.07663230933728468
cat__induction_Campath <= 0.00,-0.07042100184766965,0.07042100184766965
cat__prd_Unknown <= 0.00,0.0692995357119371,0.0692995357119371
num__yrtx <= 2015.00,0.05961168153239489,0.05961168153239489
cat__dtype_DBD <= 0.00,-0.05297642172391724,0.05297642172391724
cat__prd_Reflux/CPN <= 0.00,-0.04510469010090784,0.04510469010090784
num__ageattx <= 42.00,0.043336441610056765,0.043336441610056765
cat__rcmv_Negative <= 0.00,-0.04305027907719986,0.04305027907719986
0.00 < cat__dcmv_Negative <= 1.00,-0.04022180230646619,0.04022180230646619
