original_feature,mean_abs_shap,rank
pra,1.5695950859649614,1
rbmi,0.6023256696802988,2
age10,0.5408307990860934,3
dageattx,0.5207623537809757,4
ageattx,0.36573023890907114,5
cit,0.30555755909881555,6
induction,0.30137324504638935,7
ethnicity,0.24963114137658107,8
prd,0.24568111673248827,9
abomm,0.2428977723995393,10
mmdr,0.23892352459105579,11
dtype,0.2214839048366147,12
dcmv,0.2012659578348658,13
yrtx,0.18355831334536726,14
totalmm,0.0985359782763143,15
premt_tx,0.07139637637936341,16
sex,0.0671260197424007,17
mma,0.06341690299715,18
rcmv,0.048922875882867214,19
crf,0.04313544011463157,20
rdm,0.038077190696309444,21
mmb,0.022793435616635674,22
citcat,0.01761914350308044,23
debv,0.010498407127505,24
age60,0.003930069270691919,25
prevtx,0.0012028385522584854,26
rebv,0.0,27
