Metric,Estimate,CI_2.5%,CI_97.5%
Accuracy,0.7954545454545454,0.7045454545454546,0.875
Balanced_Accuracy,0.775,0.5955926951476793,0.9177472310126581
Sensitivity,0.75,0.4,1.0
Specificity,0.8,0.7037037037037037,0.8846153846153846
Precision_PPV,0.2727272727272727,0.09523809523809523,0.47368421052631576
NPV,0.9696969696969697,0.9242424242424242,1.0
F1,0.4,0.16,0.6112179487179482
ROC_AUC,0.75625,0.5089006696428571,0.9434523809523809
PR_AUC,0.3687681718256923,0.11856566284083113,0.6934301118772865
Brier,0.07430175328647069,0.0366124715657028,0.11860852771384363
