Threshold,Sensitivity,Specificity,Precision_PPV,F1
0.05,0.8235294117647058,0.6178343949044586,0.1891891891891892,0.3076923076923077
0.1,0.7352941176470589,0.7929936305732485,0.2777777777777778,0.4032258064516129
0.15,0.6764705882352942,0.8853503184713376,0.3898305084745763,0.4946236559139785
0.2,0.6176470588235294,0.910828025477707,0.42857142857142855,0.5060240963855421
0.25,0.5588235294117647,0.9363057324840764,0.48717948717948717,0.5205479452054794
0.3,0.5294117647058824,0.9490445859872612,0.5294117647058824,0.5294117647058824
0.35,0.47058823529411764,0.9554140127388535,0.5333333333333333,0.5
0.4,0.38235294117647056,0.9617834394904459,0.52,0.4406779661016949
0.45,0.2647058823529412,0.9745222929936306,0.5294117647058824,0.35294117647058826
0.5,0.17647058823529413,0.9840764331210191,0.5454545454545454,0.26666666666666666
0.55,0.17647058823529413,0.9904458598726115,0.6666666666666666,0.27906976744186046
0.6,0.058823529411764705,0.9968152866242038,0.6666666666666666,0.10810810810810811
0.65,0.029411764705882353,1.0,1.0,0.05714285714285714
0.7,0.029411764705882353,1.0,1.0,0.05714285714285714
0.75,0.0,1.0,,0.0
0.8,0.0,1.0,,0.0
0.85,0.0,1.0,,0.0
0.9,0.0,1.0,,0.0
0.95,0.0,1.0,,0.0
