PatientID,Predicted_Probability,Predicted_Class,Top5_SHAP_Drivers
123,0.02824475686269504,0,pra (-1.603); age10 (-0.830); rbmi (+0.500); rebv_Negative (-0.485); ethnicity_White (+0.412)
243,0.02154413883581771,0,pra (-1.791); age10 (-0.705); ageattx (-0.620); rbmi (+0.426); dcmv_Negative (-0.344)
434,0.01759106278321951,0,pra (-2.075); rbmi (-1.252); dageattx (-0.381); abomm (-0.305); dcmv_Negative (-0.220)
190,0.017309276587050327,0,pra (-1.378); age10 (-1.020); ageattx (-0.932); dtype_DCD (-0.413); dageattx (-0.361)
379,0.2298935112733277,1,rbmi (-1.442); pra (+1.363); dageattx (-0.345); yrtx (-0.172); abomm (-0.116)
89,0.02374811408966957,0,pra (-1.792); rbmi (-0.983); age10 (-0.533); ageattx (-0.417); abomm (-0.293)
305,0.16528985127152027,1,pra (-1.855); dageattx (+0.618); dcmv_Negative (-0.331); age10 (+0.294); ethnicity_White (+0.258)
52,0.044974958216240556,0,pra (-1.950); dcmv_Negative (-0.371); abomm (-0.294); cit (-0.236); ind_Campath (-0.209)
295,0.013363118271743621,0,rbmi (-2.292); pra (-1.414); dageattx (+0.522); rebv_Negative (-0.430); abomm (-0.287)
163,0.028582385850522446,0,pra (-1.817); age10 (-0.756); ageattx (-0.612); dageattx (-0.352); abomm (-0.301)
193,0.1358911204799212,1,pra (-1.804); cit (+0.402); abomm (-0.283); dcmv_Negative (+0.223); ind_Campath (-0.179)
261,0.012311704814161955,0,pra (-1.381); age10 (-0.970); ageattx (-0.837); dageattx (-0.777); dcmv_Negative (-0.386)
404,0.18228841689612738,1,pra (+1.199); age10 (-0.961); prd_ADPKD (-0.618); ageattx (-0.564); dageattx (-0.354)
272,0.032409718176233004,0,pra (-1.899); dcmv_Negative (-0.365); abomm (-0.304); cit (-0.263); mmdr (-0.248)
409,0.28831409816469583,1,pra (+1.339); totalmm (-0.677); dageattx (-0.376); dcmv_Negative (-0.246); age10 (+0.235)
108,0.09670861063997364,0,age10 (-0.861); pra (+0.836); rbmi (-0.665); ageattx (-0.403); dageattx (-0.340)
368,0.020979739913287117,0,pra (-1.942); dageattx (+0.773); age10 (-0.664); ageattx (-0.560); rbmi (-0.439)
271,0.057211862230169115,0,rbmi (-3.380); pra (+0.830); dcmv_Negative (-0.205); ind_Campath (-0.203); ageattx (+0.169)
245,0.030501041581165258,0,pra (-1.760); dcmv_Negative (-0.392); abomm (-0.304); mmdr (-0.243); rbmi (-0.232)
275,0.016341573063169308,0,rbmi (-2.444); pra (-1.037); prd_Unknown (-0.378); dtype_DCD (-0.310); abomm (-0.250)
435,0.07202007798356354,0,pra (-2.063); dageattx (+0.496); age10 (-0.480); ageattx (-0.401); prd_GN (-0.340)
51,0.03673158455564339,0,rbmi (-2.533); pra (-1.045); dageattx (+0.623); dtype_DCD (-0.375); prd_Unknown (-0.304)
219,0.2980445623432457,1,pra (+0.987); rbmi (-0.532); dageattx (-0.466); prd_Unknown (-0.211); ind_Campath (-0.192)
14,0.019978997983146944,0,pra (-1.786); totalmm (-0.682); dcmv_Negative (-0.391); cit (+0.354); abomm (-0.319)
357,0.04144446200900665,0,pra (-2.099); dcmv_Negative (-0.391); dageattx (-0.387); dtype_DCD (-0.363); abomm (-0.305)
21,0.04060577834290672,0,pra (+1.048); age10 (-1.010); dageattx (-0.941); ageattx (-0.705); prd_ADPKD (-0.604)
176,0.011419843604444648,0,pra (-1.962); age10 (-0.750); ageattx (-0.425); dcmv_Negative (-0.374); dtype_DCD (-0.362)
352,0.027293847286927565,0,pra (-1.831); age10 (-0.870); dtype_DCD (-0.432); abomm (-0.302); ageattx (-0.298)
307,0.28884246185016965,1,totalmm (-0.975); pra (+0.859); dageattx (+0.821); dcmv_Negative (-0.302); mmdr (-0.239)
337,0.2722260922829148,1,pra (+1.134); rbmi (+0.519); prd_ADPKD (-0.418); dageattx (-0.398); dtype_DCD (-0.282)
136,0.010415516544311365,0,pra (-1.764); rbmi (-0.759); age10 (-0.552); totalmm (-0.481); abomm (-0.326)
343,0.37115832590760445,1,pra (+1.072); dageattx (-0.426); dcmv_Negative (-0.287); ageattx (+0.202); rbmi (+0.142)
203,0.0695230644916832,0,pra (-1.886); abomm (-0.279); cit (-0.223); yrtx (+0.216); ind_Campath (-0.208)
278,0.07178819475372208,0,dageattx (-1.269); age10 (-0.871); pra (+0.740); ageattx (-0.669); cit (-0.255)
93,0.04432058499367942,0,rbmi (-3.338); pra (+0.812); dageattx (+0.588); ind_Campath (-0.241); dtype_DCD (-0.238)
22,0.04652588674439781,0,dageattx (-0.874); age10 (-0.795); ageattx (-0.663); pra (-0.362); abomm (-0.210)
436,0.036401442112037476,0,rbmi (-2.333); pra (-1.094); dageattx (-0.322); ethnicity_White (+0.298); age10 (+0.281)
335,0.027258544748439695,0,pra (-1.839); age10 (-0.718); dtype_DCD (-0.436); ageattx (-0.406); dageattx (-0.328)
55,0.020249950609691866,0,pra (-1.583); age10 (-1.015); ageattx (-0.835); abomm (-0.300); ind_Campath (-0.222)
132,0.06750737357675092,0,pra (-1.651); rbmi (-0.517); dageattx (-0.353); prd_Unknown (-0.272); ethnicity_White (+0.264)
297,0.028335813923427003,0,pra (-1.762); rbmi (-0.666); age10 (-0.584); dageattx (-0.441); abomm (-0.300)
388,0.27500349739765495,1,rbmi (-1.303); pra (+1.034); dageattx (+0.727); rebv_Negative (-0.451); mmdr (+0.142)
254,0.42713605449319586,1,pra (+1.112); rbmi (+0.556); age10 (+0.306); dageattx (-0.275); ind_Campath (-0.228)
304,0.04416188440143419,0,pra (-1.957); dcmv_Negative (-0.324); abomm (-0.301); ind_Campath (-0.232); cit (-0.212)
214,0.43080313129203324,1,pra (+0.979); dageattx (+0.732); prd_ADPKD (-0.385); ageattx (+0.244); age10 (+0.213)
265,0.027476312961785706,0,pra (-1.768); age10 (-0.698); ageattx (-0.671); rbmi (+0.607); dtype_DCD (-0.342)
303,0.015261895814478794,0,pra (-1.638); age10 (-0.833); ageattx (-0.699); dtype_DCD (-0.423); abomm (-0.302)
35,0.03356411841095308,0,pra (-1.949); rbmi (-0.550); abomm (-0.285); dageattx (-0.270); ind_Campath (-0.213)
266,0.0541444744045805,0,pra (-2.037); rbmi (-0.631); dageattx (+0.408); prd_GN (-0.383); abomm (-0.273)
153,0.5902353188185238,1,pra (+1.372); dageattx (+0.751); cit (+0.278); dcmv_Negative (-0.232); ind_Campath (-0.215)
192,0.16179100989190767,1,pra (+0.950); age10 (-0.898); ageattx (-0.397); dtype_DCD (-0.328); ind_Campath (-0.240)
418,0.015151205455022293,0,rbmi (-2.289); pra (-1.395); ageattx (+0.358); dtype_DCD (-0.339); dageattx (-0.319)
101,0.06158272619649469,0,pra (-1.583); age10 (-0.780); dageattx (-0.543); cit (+0.528); rbmi (+0.352)
338,0.05657102769622039,0,rbmi (-3.107); pra (+0.705); dageattx (-0.411); prd_ADPKD (-0.322); cit (+0.291)
237,0.10002980070642918,0,pra (-1.688); ethnicity_White (+0.288); abomm (-0.241); rbmi (-0.236); ind_Campath (-0.202)
381,0.01044414784325594,0,rbmi (-2.254); age10 (-0.600); pra (-0.555); ageattx (-0.482); dtype_DCD (-0.396)
216,0.10732546879040457,0,pra (-0.543); rbmi (+0.536); rebv_Negative (-0.489); dageattx (-0.348); age10 (+0.306)
331,0.10069144080026347,0,age10 (-0.737); ageattx (-0.646); dtype_DCD (-0.422); rbmi (+0.292); pra (+0.278)
73,0.028276019115053737,0,pra (-1.604); age10 (-0.722); ageattx (-0.391); dageattx (-0.371); abomm (-0.284)
415,0.09287547359251291,0,pra (-1.509); totalmm (+0.490); dageattx (-0.381); dcmv_Negative (-0.373); abomm (-0.260)
355,0.013771046013115658,0,pra (-1.730); age10 (-0.809); dageattx (-0.423); ageattx (-0.397); dtype_DCD (-0.371)
107,0.017458748989264042,0,pra (-1.756); age10 (-0.827); dtype_DCD (-0.385); ageattx (-0.330); abomm (-0.303)
104,0.1930267139554861,1,pra (-1.817); dageattx (+0.656); ethnicity_White (+0.338); dcmv_Negative (-0.305); cit (+0.282)
171,0.0673770404278619,0,pra (-1.781); dageattx (+0.660); dtype_DCD (-0.450); dcmv_Negative (-0.306); abomm (-0.259)
151,0.022832331212659346,0,age10 (-1.088); ageattx (-0.923); dageattx (-0.696); pra (-0.334); dcmv_Negative (-0.318)
162,0.04746163203418686,0,dageattx (-1.142); age10 (-0.918); pra (+0.830); ageattx (-0.436); dtype_DCD (-0.414)
189,0.2203933577530849,1,dageattx (+0.905); pra (+0.877); age10 (-0.796); ageattx (-0.643); mmdr (-0.247)
402,0.04682092038435579,0,pra (-1.710); age10 (-0.693); ageattx (-0.529); totalmm (+0.499); dageattx (-0.357)
54,0.1097503367604137,0,age10 (-0.961); dageattx (-0.922); pra (+0.811); ageattx (-0.345); cit (-0.238)
191,0.00904324262968253,0,rbmi (-2.279); pra (-1.332); dcmv_Negative (-0.328); dtype_DCD (-0.325); abomm (-0.304)
60,0.14697021830341014,1,pra (+1.065); age10 (-0.829); ageattx (-0.491); dtype_DCD (-0.438); ind_Campath (-0.221)
168,0.07960602387729021,0,ageattx (-1.200); age10 (-1.077); pra (+0.831); ind_Campath (-0.241); dcmv_Negative (+0.150)
427,0.030665482506872465,0,pra (-1.611); dageattx (-0.751); age10 (-0.737); rbmi (+0.463); dtype_DCD (-0.447)
45,0.09343663183732147,0,pra (-1.778); rbmi (+0.453); dcmv_Negative (-0.435); dageattx (-0.322); abomm (-0.267)
382,0.16187875057225906,1,pra (-1.590); dageattx (+0.435); prd_GN (-0.346); abomm (-0.234); ethnicity_White (+0.222)
209,0.1052285426451431,0,pra (-1.684); dcmv_Negative (-0.401); cit (+0.358); abomm (-0.270); ethnicity_White (+0.231)
386,0.12690272159658517,1,pra (-1.992); dageattx (+0.489); rbmi (+0.413); prd_GN (-0.389); dcmv_Negative (-0.357)
396,0.5990336050170697,1,pra (+1.317); rbmi (+0.570); yrtx (+0.220); age10 (+0.167); mmdr (-0.145)
207,0.04075006938542255,0,pra (-1.895); dtype_DCD (-0.392); dcmv_Negative (-0.388); abomm (-0.303); prd_ADPKD (-0.222)
365,0.17434709749338656,1,totalmm (-0.852); pra (+0.722); dageattx (-0.486); dcmv_Negative (-0.283); mmdr (-0.275)
56,0.013282287723342409,0,pra (-1.944); age10 (-0.514); ageattx (-0.464); dcmv_Negative (-0.359); abomm (-0.318)
253,0.01858903302271274,0,pra (-2.011); age10 (-0.672); rbmi (-0.593); ageattx (-0.566); dageattx (+0.430)
82,0.0396513786350531,0,pra (-1.743); dageattx (-0.746); rbmi (-0.645); abomm (-0.289); ageattx (+0.228)
2,0.09318371245359756,0,pra (-1.868); dageattx (+0.640); abomm (-0.272); cit (-0.269); yrtx (+0.217)
411,0.19756233362307127,1,age10 (-0.860); rbmi (+0.538); dageattx (-0.402); pra (+0.260); ageattx (-0.235)
259,0.02856647657436008,0,pra (-1.644); age10 (-0.722); totalmm (-0.575); ageattx (-0.574); rbmi (+0.516)
50,0.06045030579871421,0,age10 (-0.812); pra (-0.384); ageattx (-0.284); mmdr (-0.237); cit (-0.233)
90,0.08639499293140787,0,pra (-1.841); dageattx (-0.444); abomm (-0.282); yrtx (+0.249); dcmv_Negative (+0.212)
