threshold,accuracy,balanced_accuracy,sensitivity,specificity,precision,NPV,F1,ROC_AUC,PR_AUC,Brier,TN,FP,FN,TP,Youden,F2
0.01,0.6752873563218391,0.8200636942675159,1.0,0.6401273885350318,0.23129251700680273,1.0,0.3756906077348066,0.9679655301611091,0.7722167761702318,0.042877089843944644,201,113,0,34,0.6401273885350318,0.6007067137806066
0.015,0.7298850574712644,0.8503184713375795,1.0,0.7006369426751592,0.265625,1.0,0.41975308641975306,0.9679655301611091,0.7722167761702318,0.042877089843944644,220,94,0,34,0.7006369426751591,0.6439393939390817
0.02,0.7614942528735632,0.8678343949044586,1.0,0.7356687898089171,0.2905982905982906,1.0,0.4503311258278146,0.9679655301611091,0.7722167761702318,0.042877089843944644,231,83,0,34,0.7356687898089171,0.6719367588929699
0.025,0.7758620689655172,0.8757961783439491,1.0,0.7515923566878981,0.30357142857142855,1.0,0.4657534246575342,0.9679655301611091,0.7722167761702318,0.042877089843944644,236,78,0,34,0.7515923566878981,0.6854838709674322
0.03,0.7988505747126436,0.8885350318471338,1.0,0.7770700636942676,0.3269230769230769,1.0,0.4927536231884058,0.9679655301611091,0.7722167761702318,0.042877089843944644,244,70,0,34,0.7770700636942676,0.7083333333330264
0.035,0.8189655172413793,0.8996815286624205,1.0,0.7993630573248408,0.35051546391752575,1.0,0.5190839694656488,0.9679655301611091,0.7722167761702318,0.042877089843944644,251,63,0,34,0.7993630573248409,0.7296137339052756
0.04,0.8275862068965517,0.9044585987261147,1.0,0.8089171974522293,0.3617021276595745,1.0,0.53125,0.9679655301611091,0.7722167761702318,0.042877089843944644,254,60,0,34,0.8089171974522293,0.7391304347823067
0.045000000000000005,0.8448275862068966,0.9140127388535032,1.0,0.8280254777070064,0.38636363636363635,1.0,0.5573770491803278,0.9679655301611091,0.7722167761702318,0.042877089843944644,260,54,0,34,0.8280254777070064,0.7589285714282732
0.05,0.8563218390804598,0.9203821656050956,1.0,0.8407643312101911,0.40476190476190477,1.0,0.576271186440678,0.9679655301611091,0.7722167761702318,0.042877089843944644,264,50,0,34,0.8407643312101911,0.7727272727269776
0.055,0.8591954022988506,0.9219745222929936,1.0,0.8439490445859873,0.40963855421686746,1.0,0.5811965811965812,0.9679655301611091,0.7722167761702318,0.042877089843944644,265,49,0,34,0.8439490445859872,0.7762557077622627
0.060000000000000005,0.8735632183908046,0.9299363057324841,1.0,0.8598726114649682,0.4358974358974359,1.0,0.6071428571428571,0.9679655301611091,0.7722167761702318,0.042877089843944644,270,44,0,34,0.8598726114649682,0.7943925233641965
0.065,0.8735632183908046,0.916822780067441,0.9705882352941176,0.8630573248407644,0.4342105263157895,0.9963235294117647,0.6,0.9679655301611091,0.7722167761702318,0.042877089843944644,271,43,1,33,0.833645560134882,0.7783018867921653
0.06999999999999999,0.8793103448275862,0.9200074934432372,0.9705882352941176,0.8694267515923567,0.44594594594594594,0.9963503649635036,0.6111111111111112,0.9679655301611091,0.7722167761702318,0.042877089843944644,273,41,1,33,0.8400149868864744,0.7857142857140004
0.075,0.8850574712643678,0.9231922068190334,0.9705882352941176,0.8757961783439491,0.4583333333333333,0.9963768115942029,0.6226415094339622,0.9679655301611091,0.7722167761702318,0.042877089843944644,275,39,1,33,0.8463844136380667,0.7932692307689478
0.08,0.8908045977011494,0.9263769201948295,0.9705882352941176,0.8821656050955414,0.4714285714285714,0.9964028776978417,0.6346153846153846,0.9679655301611091,0.7722167761702318,0.042877089843944644,277,37,1,33,0.8527538403896591,0.8009708737861273
0.08499999999999999,0.8908045977011494,0.9132633945297864,0.9411764705882353,0.8853503184713376,0.47058823529411764,0.9928571428571429,0.6274509803921569,0.9679655301611091,0.7722167761702318,0.042877089843944644,278,36,2,32,0.8265267890595729,0.7843137254899184
0.09,0.8994252873563219,0.9180404645934808,0.9411764705882353,0.8949044585987261,0.49230769230769234,0.9929328621908127,0.6464646464646465,0.9679655301611091,0.7722167761702318,0.042877089843944644,281,33,2,32,0.8360809291869615,0.7960199004972389
0.095,0.9022988505747126,0.9196328212813788,0.9411764705882353,0.8980891719745223,0.5,0.9929577464788732,0.6530612244897959,0.9679655301611091,0.7722167761702318,0.042877089843944644,282,32,2,32,0.8392656425627576,0.7999999999997279
0.09999999999999999,0.9022988505747126,0.9065192956163357,0.9117647058823529,0.9012738853503185,0.5,0.9895104895104895,0.6458333333333334,0.9679655301611091,0.7722167761702318,0.042877089843944644,283,31,3,31,0.8130385912326714,0.782828282828014
0.105,0.9022988505747126,0.8934057699512926,0.8823529411764706,0.9044585987261147,0.5,0.9861111111111112,0.6382978723404256,0.9679655301611091,0.7722167761702318,0.042877089843944644,284,30,4,30,0.7868115399025852,0.7653061224487141
0.11,0.9022988505747126,0.8934057699512926,0.8823529411764706,0.9044585987261147,0.5,0.9861111111111112,0.6382978723404256,0.9679655301611091,0.7722167761702318,0.042877089843944644,284,30,4,30,0.7868115399025852,0.7653061224487141
0.11499999999999999,0.9022988505747126,0.8934057699512926,0.8823529411764706,0.9044585987261147,0.5,0.9861111111111112,0.6382978723404256,0.9679655301611091,0.7722167761702318,0.042877089843944644,284,30,4,30,0.7868115399025852,0.7653061224487141
0.12,0.9051724137931034,0.8949981266391906,0.8823529411764706,0.9076433121019108,0.5084745762711864,0.986159169550173,0.6451612903225806,0.9679655301611091,0.7722167761702318,0.042877089843944644,285,29,4,30,0.7899962532783813,0.7692307692305055
0.125,0.9137931034482759,0.899775196702885,0.8823529411764706,0.9171974522292994,0.5357142857142857,0.9863013698630136,0.6666666666666666,0.9679655301611091,0.7722167761702318,0.042877089843944644,288,26,4,30,0.7995503934057699,0.7812499999997417
0.13,0.9137931034482759,0.899775196702885,0.8823529411764706,0.9171974522292994,0.5357142857142857,0.9863013698630136,0.6666666666666666,0.9679655301611091,0.7722167761702318,0.042877089843944644,288,26,4,30,0.7995503934057699,0.7812499999997417
0.135,0.9195402298850575,0.9029599100786811,0.8823529411764706,0.9235668789808917,0.5555555555555556,0.9863945578231292,0.6818181818181818,0.9679655301611091,0.7722167761702318,0.042877089843944644,290,24,4,30,0.8059198201573623,0.7894736842102719
0.14,0.9195402298850575,0.9029599100786811,0.8823529411764706,0.9235668789808917,0.5555555555555556,0.9863945578231292,0.6818181818181818,0.9679655301611091,0.7722167761702318,0.042877089843944644,290,24,4,30,0.8059198201573623,0.7894736842102719
0.14500000000000002,0.9195402298850575,0.9029599100786811,0.8823529411764706,0.9235668789808917,0.5555555555555556,0.9863945578231292,0.6818181818181818,0.9679655301611091,0.7722167761702318,0.042877089843944644,290,24,4,30,0.8059198201573623,0.7894736842102719
0.15000000000000002,0.9195402298850575,0.9029599100786811,0.8823529411764706,0.9235668789808917,0.5555555555555556,0.9863945578231292,0.6818181818181818,0.9679655301611091,0.7722167761702318,0.042877089843944644,290,24,4,30,0.8059198201573623,0.7894736842102719
0.155,0.9166666666666666,0.88825402772574,0.8529411764705882,0.9235668789808917,0.5471698113207547,0.9830508474576272,0.6666666666666666,0.9679655301611091,0.7722167761702318,0.042877089843944644,290,24,5,29,0.77650805545148,0.7671957671955149
0.16,0.9224137931034483,0.8914387411015361,0.8529411764705882,0.9299363057324841,0.5686274509803921,0.9831649831649831,0.6823529411764706,0.9679655301611091,0.7722167761702318,0.042877089843944644,292,22,5,29,0.7828774822030722,0.7754010695184685
0.165,0.9224137931034483,0.8914387411015361,0.8529411764705882,0.9299363057324841,0.5686274509803921,0.9831649831649831,0.6823529411764706,0.9679655301611091,0.7722167761702318,0.042877089843944644,292,22,5,29,0.7828774822030722,0.7754010695184685
0.17,0.9224137931034483,0.8914387411015361,0.8529411764705882,0.9299363057324841,0.5686274509803921,0.9831649831649831,0.6823529411764706,0.9679655301611091,0.7722167761702318,0.042877089843944644,292,22,5,29,0.7828774822030722,0.7754010695184685
0.17500000000000002,0.9224137931034483,0.8914387411015361,0.8529411764705882,0.9299363057324841,0.5686274509803921,0.9831649831649831,0.6823529411764706,0.9679655301611091,0.7722167761702318,0.042877089843944644,292,22,5,29,0.7828774822030722,0.7754010695184685
0.18000000000000002,0.9224137931034483,0.8914387411015361,0.8529411764705882,0.9299363057324841,0.5686274509803921,0.9831649831649831,0.6823529411764706,0.9679655301611091,0.7722167761702318,0.042877089843944644,292,22,5,29,0.7828774822030722,0.7754010695184685
0.18500000000000003,0.9252873563218391,0.8930310977894342,0.8529411764705882,0.9331210191082803,0.58,0.9832214765100671,0.6904761904761905,0.9679655301611091,0.7722167761702318,0.042877089843944644,293,21,5,29,0.7860621955788685,0.7795698924728724
0.19,0.9252873563218391,0.8930310977894342,0.8529411764705882,0.9331210191082803,0.58,0.9832214765100671,0.6904761904761905,0.9679655301611091,0.7722167761702318,0.042877089843944644,293,21,5,29,0.7860621955788685,0.7795698924728724
0.195,0.9252873563218391,0.8930310977894342,0.8529411764705882,0.9331210191082803,0.58,0.9832214765100671,0.6904761904761905,0.9679655301611091,0.7722167761702318,0.042877089843944644,293,21,5,29,0.7860621955788685,0.7795698924728724
0.2,0.9252873563218391,0.8930310977894342,0.8529411764705882,0.9331210191082803,0.58,0.9832214765100671,0.6904761904761905,0.9679655301611091,0.7722167761702318,0.042877089843944644,293,21,5,29,0.7860621955788685,0.7795698924728724
0.20500000000000002,0.9252873563218391,0.8930310977894342,0.8529411764705882,0.9331210191082803,0.58,0.9832214765100671,0.6904761904761905,0.9679655301611091,0.7722167761702318,0.042877089843944644,293,21,5,29,0.7860621955788685,0.7795698924728724
0.21000000000000002,0.9252873563218391,0.8930310977894342,0.8529411764705882,0.9331210191082803,0.58,0.9832214765100671,0.6904761904761905,0.9679655301611091,0.7722167761702318,0.042877089843944644,293,21,5,29,0.7860621955788685,0.7795698924728724
0.21500000000000002,0.9252873563218391,0.8930310977894342,0.8529411764705882,0.9331210191082803,0.58,0.9832214765100671,0.6904761904761905,0.9679655301611091,0.7722167761702318,0.042877089843944644,293,21,5,29,0.7860621955788685,0.7795698924728724
0.22,0.9252873563218391,0.8930310977894342,0.8529411764705882,0.9331210191082803,0.58,0.9832214765100671,0.6904761904761905,0.9679655301611091,0.7722167761702318,0.042877089843944644,293,21,5,29,0.7860621955788685,0.7795698924728724
0.225,0.9252873563218391,0.8930310977894342,0.8529411764705882,0.9331210191082803,0.58,0.9832214765100671,0.6904761904761905,0.9679655301611091,0.7722167761702318,0.042877089843944644,293,21,5,29,0.7860621955788685,0.7795698924728724
0.23,0.9224137931034483,0.8783252154364931,0.8235294117647058,0.9331210191082803,0.5714285714285714,0.979933110367893,0.6746987951807228,0.9679655301611091,0.7722167761702318,0.042877089843944644,293,21,6,28,0.7566504308729862,0.7567567567565133
0.23500000000000001,0.9252873563218391,0.8799175721243911,0.8235294117647058,0.9363057324840764,0.5833333333333334,0.98,0.6829268292682927,0.9679655301611091,0.7722167761702318,0.042877089843944644,294,20,6,28,0.7598351442487823,0.7608695652171503
0.24000000000000002,0.9310344827586207,0.8831022855001873,0.8235294117647058,0.9426751592356688,0.6086956521739131,0.9801324503311258,0.7,0.9679655301611091,0.7722167761702318,0.042877089843944644,296,18,6,28,0.7662045710003746,0.7692307692305331
0.24500000000000002,0.9310344827586207,0.8831022855001873,0.8235294117647058,0.9426751592356688,0.6086956521739131,0.9801324503311258,0.7,0.9679655301611091,0.7722167761702318,0.042877089843944644,296,18,6,28,0.7662045710003746,0.7692307692305331
0.25,0.9310344827586207,0.8831022855001873,0.8235294117647058,0.9426751592356688,0.6086956521739131,0.9801324503311258,0.7,0.9679655301611091,0.7722167761702318,0.042877089843944644,296,18,6,28,0.7662045710003746,0.7692307692305331
0.255,0.9310344827586207,0.8831022855001873,0.8235294117647058,0.9426751592356688,0.6086956521739131,0.9801324503311258,0.7,0.9679655301611091,0.7722167761702318,0.042877089843944644,296,18,6,28,0.7662045710003746,0.7692307692305331
0.26,0.9310344827586207,0.8831022855001873,0.8235294117647058,0.9426751592356688,0.6086956521739131,0.9801324503311258,0.7,0.9679655301611091,0.7722167761702318,0.042877089843944644,296,18,6,28,0.7662045710003746,0.7692307692305331
0.265,0.9281609195402298,0.8683964031472462,0.7941176470588235,0.9426751592356688,0.6,0.976897689768977,0.6835443037974683,0.9679655301611091,0.7722167761702318,0.042877089843944644,296,18,7,27,0.7367928062944924,0.7458563535909267
0.27,0.9281609195402298,0.8683964031472462,0.7941176470588235,0.9426751592356688,0.6,0.976897689768977,0.6835443037974683,0.9679655301611091,0.7722167761702318,0.042877089843944644,296,18,7,27,0.7367928062944924,0.7458563535909267
0.275,0.9281609195402298,0.8683964031472462,0.7941176470588235,0.9426751592356688,0.6,0.976897689768977,0.6835443037974683,0.9679655301611091,0.7722167761702318,0.042877089843944644,296,18,7,27,0.7367928062944924,0.7458563535909267
0.28,0.9252873563218391,0.853690520794305,0.7647058823529411,0.9426751592356688,0.5909090909090909,0.9736842105263158,0.6666666666666666,0.9679655301611091,0.7722167761702318,0.042877089843944644,296,18,8,26,0.7073810415886099,0.7222222222219913
0.28500000000000003,0.9310344827586207,0.8568752341701011,0.7647058823529411,0.9490445859872612,0.6190476190476191,0.9738562091503268,0.6842105263157895,0.9679655301611091,0.7722167761702318,0.042877089843944644,298,16,8,26,0.7137504683402023,0.73033707865146
0.29000000000000004,0.9339080459770115,0.8584675908579993,0.7647058823529411,0.9522292993630573,0.6341463414634146,0.9739413680781759,0.6933333333333334,0.9679655301611091,0.7722167761702318,0.042877089843944644,299,15,8,26,0.7169351817159986,0.7344632768359357
0.29500000000000004,0.9310344827586207,0.8437617085050582,0.7352941176470589,0.9522292993630573,0.625,0.9707792207792207,0.6756756756756757,0.9679655301611091,0.7722167761702318,0.042877089843944644,299,15,9,25,0.6875234170101163,0.7102272727270532
0.3,0.9310344827586207,0.8437617085050582,0.7352941176470589,0.9522292993630573,0.625,0.9707792207792207,0.6756756756756757,0.9679655301611091,0.7722167761702318,0.042877089843944644,299,15,9,25,0.6875234170101163,0.7102272727270532
0.305,0.9310344827586207,0.8437617085050582,0.7352941176470589,0.9522292993630573,0.625,0.9707792207792207,0.6756756756756757,0.9679655301611091,0.7722167761702318,0.042877089843944644,299,15,9,25,0.6875234170101163,0.7102272727270532
0.31,0.9252873563218391,0.8143499437991757,0.6764705882352942,0.9522292993630573,0.6052631578947368,0.964516129032258,0.6388888888888888,0.9679655301611091,0.7722167761702318,0.042877089843944644,299,15,11,23,0.6286998875983514,0.6609195402296717
0.315,0.9281609195402298,0.8159423004870738,0.6764705882352942,0.9554140127388535,0.6216216216216216,0.9646302250803859,0.647887323943662,0.9679655301611091,0.7722167761702318,0.042877089843944644,300,14,11,23,0.6318846009741477,0.6647398843928534
0.32,0.9281609195402298,0.8159423004870738,0.6764705882352942,0.9554140127388535,0.6216216216216216,0.9646302250803859,0.647887323943662,0.9679655301611091,0.7722167761702318,0.042877089843944644,300,14,11,23,0.6318846009741477,0.6647398843928534
0.325,0.9281609195402298,0.8159423004870738,0.6764705882352942,0.9554140127388535,0.6216216216216216,0.9646302250803859,0.647887323943662,0.9679655301611091,0.7722167761702318,0.042877089843944644,300,14,11,23,0.6318846009741477,0.6647398843928534
0.33,0.9281609195402298,0.8159423004870738,0.6764705882352942,0.9554140127388535,0.6216216216216216,0.9646302250803859,0.647887323943662,0.9679655301611091,0.7722167761702318,0.042877089843944644,300,14,11,23,0.6318846009741477,0.6647398843928534
0.335,0.9281609195402298,0.8159423004870738,0.6764705882352942,0.9554140127388535,0.6216216216216216,0.9646302250803859,0.647887323943662,0.9679655301611091,0.7722167761702318,0.042877089843944644,300,14,11,23,0.6318846009741477,0.6647398843928534
0.34,0.9281609195402298,0.8159423004870738,0.6764705882352942,0.9554140127388535,0.6216216216216216,0.9646302250803859,0.647887323943662,0.9679655301611091,0.7722167761702318,0.042877089843944644,300,14,11,23,0.6318846009741477,0.6647398843928534
0.34500000000000003,0.9281609195402298,0.8159423004870738,0.6764705882352942,0.9554140127388535,0.6216216216216216,0.9646302250803859,0.647887323943662,0.9679655301611091,0.7722167761702318,0.042877089843944644,300,14,11,23,0.6318846009741477,0.6647398843928534
0.35000000000000003,0.9252873563218391,0.8012364181341327,0.6470588235294118,0.9554140127388535,0.6111111111111112,0.9615384615384616,0.6285714285714286,0.9679655301611091,0.7722167761702318,0.042877089843944644,300,14,12,22,0.6024728362682654,0.6395348837207234
0.35500000000000004,0.9281609195402298,0.8028287748220307,0.6470588235294118,0.9585987261146497,0.6285714285714286,0.9616613418530351,0.6376811594202898,0.9679655301611091,0.7722167761702318,0.042877089843944644,301,13,12,22,0.6056575496440615,0.643274853800966
0.36000000000000004,0.9281609195402298,0.8028287748220307,0.6470588235294118,0.9585987261146497,0.6285714285714286,0.9616613418530351,0.6376811594202898,0.9679655301611091,0.7722167761702318,0.042877089843944644,301,13,12,22,0.6056575496440615,0.643274853800966
0.365,0.9281609195402298,0.8028287748220307,0.6470588235294118,0.9585987261146497,0.6285714285714286,0.9616613418530351,0.6376811594202898,0.9679655301611091,0.7722167761702318,0.042877089843944644,301,13,12,22,0.6056575496440615,0.643274853800966
0.37,0.9281609195402298,0.8028287748220307,0.6470588235294118,0.9585987261146497,0.6285714285714286,0.9616613418530351,0.6376811594202898,0.9679655301611091,0.7722167761702318,0.042877089843944644,301,13,12,22,0.6056575496440615,0.643274853800966
0.375,0.9281609195402298,0.8028287748220307,0.6470588235294118,0.9585987261146497,0.6285714285714286,0.9616613418530351,0.6376811594202898,0.9679655301611091,0.7722167761702318,0.042877089843944644,301,13,12,22,0.6056575496440615,0.643274853800966
0.38,0.9281609195402298,0.8028287748220307,0.6470588235294118,0.9585987261146497,0.6285714285714286,0.9616613418530351,0.6376811594202898,0.9679655301611091,0.7722167761702318,0.042877089843944644,301,13,12,22,0.6056575496440615,0.643274853800966
0.385,0.9310344827586207,0.8044211315099288,0.6470588235294118,0.9617834394904459,0.6470588235294118,0.9617834394904459,0.6470588235294118,0.9679655301611091,0.7722167761702318,0.042877089843944644,302,12,12,22,0.6088422630198576,0.6470588235292118
0.39,0.9339080459770115,0.8060134881978269,0.6470588235294118,0.964968152866242,0.6666666666666666,0.9619047619047619,0.6567164179104478,0.9679655301611091,0.7722167761702318,0.042877089843944644,303,11,12,22,0.6120269763956538,0.6508875739643006
0.395,0.9339080459770115,0.8060134881978269,0.6470588235294118,0.964968152866242,0.6666666666666666,0.9619047619047619,0.6567164179104478,0.9679655301611091,0.7722167761702318,0.042877089843944644,303,11,12,22,0.6120269763956538,0.6508875739643006
0.4,0.9339080459770115,0.8060134881978269,0.6470588235294118,0.964968152866242,0.6666666666666666,0.9619047619047619,0.6567164179104478,0.9679655301611091,0.7722167761702318,0.042877089843944644,303,11,12,22,0.6120269763956538,0.6508875739643006
0.405,0.9339080459770115,0.8060134881978269,0.6470588235294118,0.964968152866242,0.6666666666666666,0.9619047619047619,0.6567164179104478,0.9679655301611091,0.7722167761702318,0.042877089843944644,303,11,12,22,0.6120269763956538,0.6508875739643006
0.41000000000000003,0.9339080459770115,0.8060134881978269,0.6470588235294118,0.964968152866242,0.6666666666666666,0.9619047619047619,0.6567164179104478,0.9679655301611091,0.7722167761702318,0.042877089843944644,303,11,12,22,0.6120269763956538,0.6508875739643006
0.41500000000000004,0.9281609195402298,0.7766017234919446,0.5882352941176471,0.964968152866242,0.6451612903225806,0.9558359621451105,0.6153846153846154,0.9679655301611091,0.7722167761702318,0.042877089843944644,303,11,14,20,0.5532034469838891,0.5988023952093918
0.42000000000000004,0.9281609195402298,0.7766017234919446,0.5882352941176471,0.964968152866242,0.6451612903225806,0.9558359621451105,0.6153846153846154,0.9679655301611091,0.7722167761702318,0.042877089843944644,303,11,14,20,0.5532034469838891,0.5988023952093918
0.42500000000000004,0.9252873563218391,0.7618958411390033,0.5588235294117647,0.964968152866242,0.6333333333333333,0.9528301886792453,0.59375,0.9679655301611091,0.7722167761702318,0.042877089843944644,303,11,15,19,0.5237916822780067,0.572289156626321
0.43,0.9252873563218391,0.7618958411390033,0.5588235294117647,0.964968152866242,0.6333333333333333,0.9528301886792453,0.59375,0.9679655301611091,0.7722167761702318,0.042877089843944644,303,11,15,19,0.5237916822780067,0.572289156626321
0.435,0.9252873563218391,0.7618958411390033,0.5588235294117647,0.964968152866242,0.6333333333333333,0.9528301886792453,0.59375,0.9679655301611091,0.7722167761702318,0.042877089843944644,303,11,15,19,0.5237916822780067,0.572289156626321
0.44,0.9252873563218391,0.7618958411390033,0.5588235294117647,0.964968152866242,0.6333333333333333,0.9528301886792453,0.59375,0.9679655301611091,0.7722167761702318,0.042877089843944644,303,11,15,19,0.5237916822780067,0.572289156626321
0.445,0.9252873563218391,0.7618958411390033,0.5588235294117647,0.964968152866242,0.6333333333333333,0.9528301886792453,0.59375,0.9679655301611091,0.7722167761702318,0.042877089843944644,303,11,15,19,0.5237916822780067,0.572289156626321
0.45,0.9252873563218391,0.7618958411390033,0.5588235294117647,0.964968152866242,0.6333333333333333,0.9528301886792453,0.59375,0.9679655301611091,0.7722167761702318,0.042877089843944644,303,11,15,19,0.5237916822780067,0.572289156626321
0.455,0.9281609195402298,0.7634881978269015,0.5588235294117647,0.9681528662420382,0.6551724137931034,0.9529780564263323,0.6031746031746031,0.9679655301611091,0.7722167761702318,0.042877089843944644,304,10,15,19,0.5269763956538029,0.5757575757573946
0.46,0.9281609195402298,0.7634881978269015,0.5588235294117647,0.9681528662420382,0.6551724137931034,0.9529780564263323,0.6031746031746031,0.9679655301611091,0.7722167761702318,0.042877089843944644,304,10,15,19,0.5269763956538029,0.5757575757573946
0.465,0.9281609195402298,0.7634881978269015,0.5588235294117647,0.9681528662420382,0.6551724137931034,0.9529780564263323,0.6031746031746031,0.9679655301611091,0.7722167761702318,0.042877089843944644,304,10,15,19,0.5269763956538029,0.5757575757573946
0.47000000000000003,0.9310344827586207,0.7650805545147996,0.5588235294117647,0.9713375796178344,0.6785714285714286,0.953125,0.6129032258064516,0.9679655301611091,0.7722167761702318,0.042877089843944644,305,9,15,19,0.5301611090295992,0.5792682926827499
0.47500000000000003,0.9310344827586207,0.7650805545147996,0.5588235294117647,0.9713375796178344,0.6785714285714286,0.953125,0.6129032258064516,0.9679655301611091,0.7722167761702318,0.042877089843944644,305,9,15,19,0.5301611090295992,0.5792682926827499
0.48000000000000004,0.9339080459770115,0.7666729112026976,0.5588235294117647,0.9745222929936306,0.7037037037037037,0.9532710280373832,0.6229508196721312,0.9679655301611091,0.7722167761702318,0.042877089843944644,306,8,15,19,0.5333458224053953,0.5828220858893978
0.48500000000000004,0.9339080459770115,0.7666729112026976,0.5588235294117647,0.9745222929936306,0.7037037037037037,0.9532710280373832,0.6229508196721312,0.9679655301611091,0.7722167761702318,0.042877089843944644,306,8,15,19,0.5333458224053953,0.5828220858893978
0.49,0.9367816091954023,0.7682652678905957,0.5588235294117647,0.9777070063694268,0.7307692307692307,0.953416149068323,0.6333333333333333,0.9679655301611091,0.7722167761702318,0.042877089843944644,307,7,15,19,0.5365305357811914,0.5864197530862513
0.495,0.9367816091954023,0.7682652678905957,0.5588235294117647,0.9777070063694268,0.7307692307692307,0.953416149068323,0.6333333333333333,0.9679655301611091,0.7722167761702318,0.042877089843944644,307,7,15,19,0.5365305357811914,0.5864197530862513
0.5,0.9367816091954023,0.7682652678905957,0.5588235294117647,0.9777070063694268,0.7307692307692307,0.953416149068323,0.6333333333333333,0.9679655301611091,0.7722167761702318,0.042877089843944644,307,7,15,19,0.5365305357811914,0.5864197530862513
0.505,0.9367816091954023,0.7682652678905957,0.5588235294117647,0.9777070063694268,0.7307692307692307,0.953416149068323,0.6333333333333333,0.9679655301611091,0.7722167761702318,0.042877089843944644,307,7,15,19,0.5365305357811914,0.5864197530862513
0.51,0.9367816091954023,0.7682652678905957,0.5588235294117647,0.9777070063694268,0.7307692307692307,0.953416149068323,0.6333333333333333,0.9679655301611091,0.7722167761702318,0.042877089843944644,307,7,15,19,0.5365305357811914,0.5864197530862513
0.515,0.9367816091954023,0.7682652678905957,0.5588235294117647,0.9777070063694268,0.7307692307692307,0.953416149068323,0.6333333333333333,0.9679655301611091,0.7722167761702318,0.042877089843944644,307,7,15,19,0.5365305357811914,0.5864197530862513
0.52,0.9367816091954023,0.7682652678905957,0.5588235294117647,0.9777070063694268,0.7307692307692307,0.953416149068323,0.6333333333333333,0.9679655301611091,0.7722167761702318,0.042877089843944644,307,7,15,19,0.5365305357811914,0.5864197530862513
0.525,0.9396551724137931,0.7698576245784938,0.5588235294117647,0.9808917197452229,0.76,0.9535603715170279,0.6440677966101694,0.9679655301611091,0.7722167761702318,0.042877089843944644,308,6,15,19,0.5397152491569877,0.5900621118010783
0.53,0.9396551724137931,0.7698576245784938,0.5588235294117647,0.9808917197452229,0.76,0.9535603715170279,0.6440677966101694,0.9679655301611091,0.7722167761702318,0.042877089843944644,308,6,15,19,0.5397152491569877,0.5900621118010783
0.535,0.9396551724137931,0.7698576245784938,0.5588235294117647,0.9808917197452229,0.76,0.9535603715170279,0.6440677966101694,0.9679655301611091,0.7722167761702318,0.042877089843944644,308,6,15,19,0.5397152491569877,0.5900621118010783
0.54,0.9396551724137931,0.7698576245784938,0.5588235294117647,0.9808917197452229,0.76,0.9535603715170279,0.6440677966101694,0.9679655301611091,0.7722167761702318,0.042877089843944644,308,6,15,19,0.5397152491569877,0.5900621118010783
0.545,0.9396551724137931,0.7698576245784938,0.5588235294117647,0.9808917197452229,0.76,0.9535603715170279,0.6440677966101694,0.9679655301611091,0.7722167761702318,0.042877089843944644,308,6,15,19,0.5397152491569877,0.5900621118010783
0.55,0.9367816091954023,0.7551517422255527,0.5294117647058824,0.9808917197452229,0.75,0.9506172839506173,0.6206896551724138,0.9679655301611091,0.7722167761702318,0.042877089843944644,308,6,16,18,0.5103034844511054,0.5624999999998407
0.555,0.9367816091954023,0.7551517422255527,0.5294117647058824,0.9808917197452229,0.75,0.9506172839506173,0.6206896551724138,0.9679655301611091,0.7722167761702318,0.042877089843944644,308,6,16,18,0.5103034844511054,0.5624999999998407
0.56,0.9367816091954023,0.7551517422255527,0.5294117647058824,0.9808917197452229,0.75,0.9506172839506173,0.6206896551724138,0.9679655301611091,0.7722167761702318,0.042877089843944644,308,6,16,18,0.5103034844511054,0.5624999999998407
0.5650000000000001,0.9367816091954023,0.7551517422255527,0.5294117647058824,0.9808917197452229,0.75,0.9506172839506173,0.6206896551724138,0.9679655301611091,0.7722167761702318,0.042877089843944644,308,6,16,18,0.5103034844511054,0.5624999999998407
0.5700000000000001,0.9396551724137931,0.7567440989134507,0.5294117647058824,0.9840764331210191,0.782608695652174,0.9507692307692308,0.631578947368421,0.9679655301611091,0.7722167761702318,0.042877089843944644,309,5,16,18,0.5134881978269015,0.5660377358489019
0.5750000000000001,0.9396551724137931,0.7567440989134507,0.5294117647058824,0.9840764331210191,0.782608695652174,0.9507692307692308,0.631578947368421,0.9679655301611091,0.7722167761702318,0.042877089843944644,309,5,16,18,0.5134881978269015,0.5660377358489019
0.5800000000000001,0.9396551724137931,0.7567440989134507,0.5294117647058824,0.9840764331210191,0.782608695652174,0.9507692307692308,0.631578947368421,0.9679655301611091,0.7722167761702318,0.042877089843944644,309,5,16,18,0.5134881978269015,0.5660377358489019
0.5850000000000001,0.9396551724137931,0.7567440989134507,0.5294117647058824,0.9840764331210191,0.782608695652174,0.9507692307692308,0.631578947368421,0.9679655301611091,0.7722167761702318,0.042877089843944644,309,5,16,18,0.5134881978269015,0.5660377358489019
0.59,0.9396551724137931,0.7567440989134507,0.5294117647058824,0.9840764331210191,0.782608695652174,0.9507692307692308,0.631578947368421,0.9679655301611091,0.7722167761702318,0.042877089843944644,309,5,16,18,0.5134881978269015,0.5660377358489019
0.595,0.9367816091954023,0.7420382165605095,0.5,0.9840764331210191,0.7727272727272727,0.9478527607361963,0.6071428571428571,0.9679655301611091,0.7722167761702318,0.042877089843944644,309,5,17,17,0.484076433121019,0.5379746835441539
0.6,0.9367816091954023,0.7420382165605095,0.5,0.9840764331210191,0.7727272727272727,0.9478527607361963,0.6071428571428571,0.9679655301611091,0.7722167761702318,0.042877089843944644,309,5,17,17,0.484076433121019,0.5379746835441539
0.605,0.9367816091954023,0.7420382165605095,0.5,0.9840764331210191,0.7727272727272727,0.9478527607361963,0.6071428571428571,0.9679655301611091,0.7722167761702318,0.042877089843944644,309,5,17,17,0.484076433121019,0.5379746835441539
0.61,0.9367816091954023,0.7420382165605095,0.5,0.9840764331210191,0.7727272727272727,0.9478527607361963,0.6071428571428571,0.9679655301611091,0.7722167761702318,0.042877089843944644,309,5,17,17,0.484076433121019,0.5379746835441539
0.615,0.9396551724137931,0.7436305732484076,0.5,0.9872611464968153,0.8095238095238095,0.9480122324159022,0.6181818181818182,0.9679655301611091,0.7722167761702318,0.042877089843944644,310,4,17,17,0.4872611464968153,0.5414012738852054
0.62,0.9396551724137931,0.7436305732484076,0.5,0.9872611464968153,0.8095238095238095,0.9480122324159022,0.6181818181818182,0.9679655301611091,0.7722167761702318,0.042877089843944644,310,4,17,17,0.4872611464968153,0.5414012738852054
0.625,0.9367816091954023,0.7289246908954665,0.47058823529411764,0.9872611464968153,0.8,0.9451219512195121,0.5925925925925926,0.9679655301611091,0.7722167761702318,0.042877089843944644,310,4,18,16,0.45784938179093304,0.512820512820373
0.63,0.9367816091954023,0.7289246908954665,0.47058823529411764,0.9872611464968153,0.8,0.9451219512195121,0.5925925925925926,0.9679655301611091,0.7722167761702318,0.042877089843944644,310,4,18,16,0.45784938179093304,0.512820512820373
0.635,0.9367816091954023,0.7289246908954665,0.47058823529411764,0.9872611464968153,0.8,0.9451219512195121,0.5925925925925926,0.9679655301611091,0.7722167761702318,0.042877089843944644,310,4,18,16,0.45784938179093304,0.512820512820373
0.64,0.9396551724137931,0.7305170475833646,0.47058823529411764,0.9904458598726115,0.8421052631578947,0.9452887537993921,0.6037735849056604,0.9679655301611091,0.7722167761702318,0.042877089843944644,311,3,18,16,0.4610340951667291,0.51612903225793
0.645,0.9396551724137931,0.7305170475833646,0.47058823529411764,0.9904458598726115,0.8421052631578947,0.9452887537993921,0.6037735849056604,0.9679655301611091,0.7722167761702318,0.042877089843944644,311,3,18,16,0.4610340951667291,0.51612903225793
0.65,0.9396551724137931,0.7305170475833646,0.47058823529411764,0.9904458598726115,0.8421052631578947,0.9452887537993921,0.6037735849056604,0.9679655301611091,0.7722167761702318,0.042877089843944644,311,3,18,16,0.4610340951667291,0.51612903225793
0.655,0.9396551724137931,0.7305170475833646,0.47058823529411764,0.9904458598726115,0.8421052631578947,0.9452887537993921,0.6037735849056604,0.9679655301611091,0.7722167761702318,0.042877089843944644,311,3,18,16,0.4610340951667291,0.51612903225793
0.66,0.9396551724137931,0.7305170475833646,0.47058823529411764,0.9904458598726115,0.8421052631578947,0.9452887537993921,0.6037735849056604,0.9679655301611091,0.7722167761702318,0.042877089843944644,311,3,18,16,0.4610340951667291,0.51612903225793
0.665,0.9396551724137931,0.7305170475833646,0.47058823529411764,0.9904458598726115,0.8421052631578947,0.9452887537993921,0.6037735849056604,0.9679655301611091,0.7722167761702318,0.042877089843944644,311,3,18,16,0.4610340951667291,0.51612903225793
0.67,0.9396551724137931,0.7305170475833646,0.47058823529411764,0.9904458598726115,0.8421052631578947,0.9452887537993921,0.6037735849056604,0.9679655301611091,0.7722167761702318,0.042877089843944644,311,3,18,16,0.4610340951667291,0.51612903225793
0.675,0.9396551724137931,0.7305170475833646,0.47058823529411764,0.9904458598726115,0.8421052631578947,0.9452887537993921,0.6037735849056604,0.9679655301611091,0.7722167761702318,0.042877089843944644,311,3,18,16,0.4610340951667291,0.51612903225793
0.68,0.9396551724137931,0.7305170475833646,0.47058823529411764,0.9904458598726115,0.8421052631578947,0.9452887537993921,0.6037735849056604,0.9679655301611091,0.7722167761702318,0.042877089843944644,311,3,18,16,0.4610340951667291,0.51612903225793
0.685,0.9396551724137931,0.7305170475833646,0.47058823529411764,0.9904458598726115,0.8421052631578947,0.9452887537993921,0.6037735849056604,0.9679655301611091,0.7722167761702318,0.042877089843944644,311,3,18,16,0.4610340951667291,0.51612903225793
0.6900000000000001,0.9396551724137931,0.7305170475833646,0.47058823529411764,0.9904458598726115,0.8421052631578947,0.9452887537993921,0.6037735849056604,0.9679655301611091,0.7722167761702318,0.042877089843944644,311,3,18,16,0.4610340951667291,0.51612903225793
0.6950000000000001,0.9396551724137931,0.7305170475833646,0.47058823529411764,0.9904458598726115,0.8421052631578947,0.9452887537993921,0.6037735849056604,0.9679655301611091,0.7722167761702318,0.042877089843944644,311,3,18,16,0.4610340951667291,0.51612903225793
0.7000000000000001,0.9396551724137931,0.7305170475833646,0.47058823529411764,0.9904458598726115,0.8421052631578947,0.9452887537993921,0.6037735849056604,0.9679655301611091,0.7722167761702318,0.042877089843944644,311,3,18,16,0.4610340951667291,0.51612903225793
0.7050000000000001,0.9396551724137931,0.7305170475833646,0.47058823529411764,0.9904458598726115,0.8421052631578947,0.9452887537993921,0.6037735849056604,0.9679655301611091,0.7722167761702318,0.042877089843944644,311,3,18,16,0.4610340951667291,0.51612903225793
0.7100000000000001,0.9396551724137931,0.7305170475833646,0.47058823529411764,0.9904458598726115,0.8421052631578947,0.9452887537993921,0.6037735849056604,0.9679655301611091,0.7722167761702318,0.042877089843944644,311,3,18,16,0.4610340951667291,0.51612903225793
0.715,0.9396551724137931,0.7305170475833646,0.47058823529411764,0.9904458598726115,0.8421052631578947,0.9452887537993921,0.6037735849056604,0.9679655301611091,0.7722167761702318,0.042877089843944644,311,3,18,16,0.4610340951667291,0.51612903225793
0.72,0.9396551724137931,0.7305170475833646,0.47058823529411764,0.9904458598726115,0.8421052631578947,0.9452887537993921,0.6037735849056604,0.9679655301611091,0.7722167761702318,0.042877089843944644,311,3,18,16,0.4610340951667291,0.51612903225793
0.725,0.9367816091954023,0.7158111652304233,0.4411764705882353,0.9904458598726115,0.8333333333333334,0.9424242424242424,0.5769230769230769,0.9679655301611091,0.7722167761702318,0.042877089843944644,311,3,19,15,0.43162233046084664,0.487012987012858
0.73,0.9396551724137931,0.7174035219183215,0.4411764705882353,0.9936305732484076,0.8823529411764706,0.9425981873111783,0.5882352941176471,0.9679655301611091,0.7722167761702318,0.042877089843944644,312,2,19,15,0.4348070438366429,0.4901960784312491
0.735,0.9396551724137931,0.7174035219183215,0.4411764705882353,0.9936305732484076,0.8823529411764706,0.9425981873111783,0.5882352941176471,0.9679655301611091,0.7722167761702318,0.042877089843944644,312,2,19,15,0.4348070438366429,0.4901960784312491
0.74,0.9396551724137931,0.7174035219183215,0.4411764705882353,0.9936305732484076,0.8823529411764706,0.9425981873111783,0.5882352941176471,0.9679655301611091,0.7722167761702318,0.042877089843944644,312,2,19,15,0.4348070438366429,0.4901960784312491
0.745,0.9396551724137931,0.7174035219183215,0.4411764705882353,0.9936305732484076,0.8823529411764706,0.9425981873111783,0.5882352941176471,0.9679655301611091,0.7722167761702318,0.042877089843944644,312,2,19,15,0.4348070438366429,0.4901960784312491
0.75,0.9396551724137931,0.7174035219183215,0.4411764705882353,0.9936305732484076,0.8823529411764706,0.9425981873111783,0.5882352941176471,0.9679655301611091,0.7722167761702318,0.042877089843944644,312,2,19,15,0.4348070438366429,0.4901960784312491
0.755,0.9425287356321839,0.7189958786062196,0.4411764705882353,0.9968152866242038,0.9375,0.9427710843373494,0.6,0.9679655301611091,0.7722167761702318,0.042877089843944644,313,1,19,15,0.4379917572124392,0.49342105263146113
0.76,0.9396551724137931,0.7042899962532784,0.4117647058823529,0.9968152866242038,0.9333333333333333,0.93993993993994,0.5714285714285714,0.9679655301611091,0.7722167761702318,0.042877089843944644,313,1,20,14,0.40857999250655674,0.4635761589402855
0.765,0.9396551724137931,0.7042899962532784,0.4117647058823529,0.9968152866242038,0.9333333333333333,0.93993993993994,0.5714285714285714,0.9679655301611091,0.7722167761702318,0.042877089843944644,313,1,20,14,0.40857999250655674,0.4635761589402855
0.77,0.9396551724137931,0.7042899962532784,0.4117647058823529,0.9968152866242038,0.9333333333333333,0.93993993993994,0.5714285714285714,0.9679655301611091,0.7722167761702318,0.042877089843944644,313,1,20,14,0.40857999250655674,0.4635761589402855
0.775,0.9396551724137931,0.7042899962532784,0.4117647058823529,0.9968152866242038,0.9333333333333333,0.93993993993994,0.5714285714285714,0.9679655301611091,0.7722167761702318,0.042877089843944644,313,1,20,14,0.40857999250655674,0.4635761589402855
0.78,0.9396551724137931,0.7042899962532784,0.4117647058823529,0.9968152866242038,0.9333333333333333,0.93993993993994,0.5714285714285714,0.9679655301611091,0.7722167761702318,0.042877089843944644,313,1,20,14,0.40857999250655674,0.4635761589402855
0.785,0.9396551724137931,0.7042899962532784,0.4117647058823529,0.9968152866242038,0.9333333333333333,0.93993993993994,0.5714285714285714,0.9679655301611091,0.7722167761702318,0.042877089843944644,313,1,20,14,0.40857999250655674,0.4635761589402855
0.79,0.9367816091954023,0.6895841139003371,0.38235294117647056,0.9968152866242038,0.9285714285714286,0.937125748502994,0.5416666666666666,0.9679655301611091,0.7722167761702318,0.042877089843944644,313,1,21,13,0.3791682278006743,0.4333333333332276
0.795,0.9339080459770115,0.674878231547396,0.35294117647058826,0.9968152866242038,0.9230769230769231,0.9343283582089552,0.5106382978723404,0.9679655301611091,0.7722167761702318,0.042877089843944644,313,1,22,12,0.349756463094792,0.40268456375828976
0.8,0.9339080459770115,0.674878231547396,0.35294117647058826,0.9968152866242038,0.9230769230769231,0.9343283582089552,0.5106382978723404,0.9679655301611091,0.7722167761702318,0.042877089843944644,313,1,22,12,0.349756463094792,0.40268456375828976
0.805,0.9339080459770115,0.674878231547396,0.35294117647058826,0.9968152866242038,0.9230769230769231,0.9343283582089552,0.5106382978723404,0.9679655301611091,0.7722167761702318,0.042877089843944644,313,1,22,12,0.349756463094792,0.40268456375828976
0.81,0.9339080459770115,0.674878231547396,0.35294117647058826,0.9968152866242038,0.9230769230769231,0.9343283582089552,0.5106382978723404,0.9679655301611091,0.7722167761702318,0.042877089843944644,313,1,22,12,0.349756463094792,0.40268456375828976
0.8150000000000001,0.9339080459770115,0.674878231547396,0.35294117647058826,0.9968152866242038,0.9230769230769231,0.9343283582089552,0.5106382978723404,0.9679655301611091,0.7722167761702318,0.042877089843944644,313,1,22,12,0.349756463094792,0.40268456375828976
0.8200000000000001,0.9339080459770115,0.674878231547396,0.35294117647058826,0.9968152866242038,0.9230769230769231,0.9343283582089552,0.5106382978723404,0.9679655301611091,0.7722167761702318,0.042877089843944644,313,1,22,12,0.349756463094792,0.40268456375828976
0.8250000000000001,0.9339080459770115,0.674878231547396,0.35294117647058826,0.9968152866242038,0.9230769230769231,0.9343283582089552,0.5106382978723404,0.9679655301611091,0.7722167761702318,0.042877089843944644,313,1,22,12,0.349756463094792,0.40268456375828976
0.8300000000000001,0.9339080459770115,0.674878231547396,0.35294117647058826,0.9968152866242038,0.9230769230769231,0.9343283582089552,0.5106382978723404,0.9679655301611091,0.7722167761702318,0.042877089843944644,313,1,22,12,0.349756463094792,0.40268456375828976
0.8350000000000001,0.9339080459770115,0.674878231547396,0.35294117647058826,0.9968152866242038,0.9230769230769231,0.9343283582089552,0.5106382978723404,0.9679655301611091,0.7722167761702318,0.042877089843944644,313,1,22,12,0.349756463094792,0.40268456375828976
0.8400000000000001,0.9339080459770115,0.674878231547396,0.35294117647058826,0.9968152866242038,0.9230769230769231,0.9343283582089552,0.5106382978723404,0.9679655301611091,0.7722167761702318,0.042877089843944644,313,1,22,12,0.349756463094792,0.40268456375828976
0.845,0.9310344827586207,0.6601723491944549,0.3235294117647059,0.9968152866242038,0.9166666666666666,0.9315476190476191,0.4782608695652174,0.9679655301611091,0.7722167761702318,0.042877089843944644,313,1,23,11,0.3203446983889098,0.3716216216215285
0.85,0.9310344827586207,0.6601723491944549,0.3235294117647059,0.9968152866242038,0.9166666666666666,0.9315476190476191,0.4782608695652174,0.9679655301611091,0.7722167761702318,0.042877089843944644,313,1,23,11,0.3203446983889098,0.3716216216215285
0.855,0.9310344827586207,0.6601723491944549,0.3235294117647059,0.9968152866242038,0.9166666666666666,0.9315476190476191,0.4782608695652174,0.9679655301611091,0.7722167761702318,0.042877089843944644,313,1,23,11,0.3203446983889098,0.3716216216215285
0.86,0.9281609195402298,0.6454664668415137,0.29411764705882354,0.9968152866242038,0.9090909090909091,0.9287833827893175,0.4444444444444444,0.9679655301611091,0.7722167761702318,0.042877089843944644,313,1,24,10,0.2909329336830273,0.34013605442168215
0.865,0.9252873563218391,0.6307605844885725,0.2647058823529412,0.9968152866242038,0.9,0.9260355029585798,0.4090909090909091,0.9679655301611091,0.7722167761702318,0.042877089843944644,313,1,25,9,0.26152116897714506,0.308219178082112
0.87,0.9224137931034483,0.6160547021356313,0.23529411764705882,0.9968152866242038,0.8888888888888888,0.9233038348082596,0.37209302325581395,0.9679655301611091,0.7722167761702318,0.042877089843944644,313,1,26,8,0.2321094042712626,0.2758620689654445
0.875,0.9224137931034483,0.6160547021356313,0.23529411764705882,0.9968152866242038,0.8888888888888888,0.9233038348082596,0.37209302325581395,0.9679655301611091,0.7722167761702318,0.042877089843944644,313,1,26,8,0.2321094042712626,0.2758620689654445
0.88,0.9195402298850575,0.6013488197826902,0.20588235294117646,0.9968152866242038,0.875,0.9205882352941176,0.3333333333333333,0.9679655301611091,0.7722167761702318,0.042877089843944644,313,1,27,7,0.20269763956538034,0.24305555555548994
0.885,0.9195402298850575,0.6013488197826902,0.20588235294117646,0.9968152866242038,0.875,0.9205882352941176,0.3333333333333333,0.9679655301611091,0.7722167761702318,0.042877089843944644,313,1,27,7,0.20269763956538034,0.24305555555548994
0.89,0.9224137931034483,0.6029411764705882,0.20588235294117646,1.0,1.0,0.9208211143695014,0.34146341463414637,0.9679655301611091,0.7722167761702318,0.042877089843944644,314,0,27,7,0.2058823529411764,0.24475524475518654
0.895,0.9224137931034483,0.6029411764705882,0.20588235294117646,1.0,1.0,0.9208211143695014,0.34146341463414637,0.9679655301611091,0.7722167761702318,0.042877089843944644,314,0,27,7,0.2058823529411764,0.24475524475518654
0.9,0.9224137931034483,0.6029411764705882,0.20588235294117646,1.0,1.0,0.9208211143695014,0.34146341463414637,0.9679655301611091,0.7722167761702318,0.042877089843944644,314,0,27,7,0.2058823529411764,0.24475524475518654
0.905,0.9224137931034483,0.6029411764705882,0.20588235294117646,1.0,1.0,0.9208211143695014,0.34146341463414637,0.9679655301611091,0.7722167761702318,0.042877089843944644,314,0,27,7,0.2058823529411764,0.24475524475518654
0.91,0.9224137931034483,0.6029411764705882,0.20588235294117646,1.0,1.0,0.9208211143695014,0.34146341463414637,0.9679655301611091,0.7722167761702318,0.042877089843944644,314,0,27,7,0.2058823529411764,0.24475524475518654
0.915,0.9195402298850575,0.5882352941176471,0.17647058823529413,1.0,1.0,0.9181286549707602,0.3,0.9679655301611091,0.7722167761702318,0.042877089843944644,314,0,28,6,0.17647058823529416,0.21126760563375224
0.92,0.9195402298850575,0.5882352941176471,0.17647058823529413,1.0,1.0,0.9181286549707602,0.3,0.9679655301611091,0.7722167761702318,0.042877089843944644,314,0,28,6,0.17647058823529416,0.21126760563375224
0.925,0.9195402298850575,0.5882352941176471,0.17647058823529413,1.0,1.0,0.9181286549707602,0.3,0.9679655301611091,0.7722167761702318,0.042877089843944644,314,0,28,6,0.17647058823529416,0.21126760563375224
0.93,0.9195402298850575,0.5882352941176471,0.17647058823529413,1.0,1.0,0.9181286549707602,0.3,0.9679655301611091,0.7722167761702318,0.042877089843944644,314,0,28,6,0.17647058823529416,0.21126760563375224
0.935,0.9166666666666666,0.5735294117647058,0.14705882352941177,1.0,1.0,0.9154518950437318,0.2564102564102564,0.9679655301611091,0.7722167761702318,0.042877089843944644,314,0,29,5,0.1470588235294117,0.17730496453896433
0.9400000000000001,0.9166666666666666,0.5735294117647058,0.14705882352941177,1.0,1.0,0.9154518950437318,0.2564102564102564,0.9679655301611091,0.7722167761702318,0.042877089843944644,314,0,29,5,0.1470588235294117,0.17730496453896433
0.9450000000000001,0.9166666666666666,0.5735294117647058,0.14705882352941177,1.0,1.0,0.9154518950437318,0.2564102564102564,0.9679655301611091,0.7722167761702318,0.042877089843944644,314,0,29,5,0.1470588235294117,0.17730496453896433
0.9500000000000001,0.9137931034482759,0.5588235294117647,0.11764705882352941,1.0,1.0,0.9127906976744186,0.21052631578947367,0.9679655301611091,0.7722167761702318,0.042877089843944644,314,0,30,4,0.11764705882352944,0.14285714285710818
0.9550000000000001,0.9137931034482759,0.5588235294117647,0.11764705882352941,1.0,1.0,0.9127906976744186,0.21052631578947367,0.9679655301611091,0.7722167761702318,0.042877089843944644,314,0,30,4,0.11764705882352944,0.14285714285710818
0.9600000000000001,0.9137931034482759,0.5588235294117647,0.11764705882352941,1.0,1.0,0.9127906976744186,0.21052631578947367,0.9679655301611091,0.7722167761702318,0.042877089843944644,314,0,30,4,0.11764705882352944,0.14285714285710818
0.9650000000000001,0.9080459770114943,0.5294117647058824,0.058823529411764705,1.0,1.0,0.9075144508670521,0.1111111111111111,0.9679655301611091,0.7722167761702318,0.042877089843944644,314,0,32,2,0.05882352941176472,0.07246376811592418
0.97,0.9080459770114943,0.5294117647058824,0.058823529411764705,1.0,1.0,0.9075144508670521,0.1111111111111111,0.9679655301611091,0.7722167761702318,0.042877089843944644,314,0,32,2,0.05882352941176472,0.07246376811592418
0.975,0.9051724137931034,0.5147058823529411,0.029411764705882353,1.0,1.0,0.9048991354466859,0.05714285714285714,0.9679655301611091,0.7722167761702318,0.042877089843944644,314,0,33,1,0.02941176470588225,0.036496350364954445
0.98,0.9022988505747126,0.5,0.0,1.0,,0.9022988505747126,0.0,0.9679655301611091,0.7722167761702318,0.042877089843944644,314,0,34,0,0.0,
0.985,0.9022988505747126,0.5,0.0,1.0,,0.9022988505747126,0.0,0.9679655301611091,0.7722167761702318,0.042877089843944644,314,0,34,0,0.0,
0.99,0.9022988505747126,0.5,0.0,1.0,,0.9022988505747126,0.0,0.9679655301611091,0.7722167761702318,0.042877089843944644,314,0,34,0,0.0,
