true_label,raw_probability,calibrated_probability
0,0.019149119034409523,0.0010066023949377896
0,0.9360792636871338,0.7532693947059037
0,0.3059001863002777,0.04204389170950114
0,0.043410032987594604,0.002790291859348637
0,0.3502950966358185,0.05305274711263203
0,0.3384697437286377,0.04995527031677097
0,0.05729296803474426,0.003969614396314607
0,0.4584309458732605,0.08820502780366969
0,0.007359497249126434,0.00031188700090719376
0,0.007688506506383419,0.00032897541564818754
0,0.3013029396533966,0.040996131577895896
0,0.09213767200708389,0.007360737329827449
1,0.4942260682582855,0.1032233086241285
0,0.011916695162653923,0.0005620241530149413
0,0.2203444391489029,0.02498722228558447
1,0.9583213925361633,0.8405600436507866
0,0.015202036127448082,0.0007576472623592647
1,0.9276592135429382,0.7221888664275379
0,0.12009460479021072,0.010503844204535828
0,0.14002670347690582,0.01297366852629942
1,0.8712114691734314,0.5451046926149958
0,0.021063892170786858,0.0011322675038651084
0,0.5315713286399841,0.12123095248800904
0,0.05799741670489311,0.004032187254538067
0,0.02336467243731022,0.001287165044420636
0,0.14211294054985046,0.013243372684033682
1,0.5820214748382568,0.15019788456695077
0,0.0390995591878891,0.002445902812509332
0,0.11965363472700119,0.010451372234075417
0,0.03347740322351456,0.002013362130902757
0,0.16793622076511383,0.01676184121165711
0,0.26904037594795227,0.034085092697952346
0,0.02536645531654358,0.0014252193580105333
0,0.016608592122793198,0.0008447267576136761
0,0.016280140727758408,0.0008242245936048463
0,0.08034102618694305,0.006146330787751818
0,0.023214558139443398,0.0012769334845605955
0,0.6311245560646057,0.18487695088239015
0,0.03452648967504501,0.0020925947064555535
0,0.01707751303911209,0.0008741702074448243
0,0.008018207736313343,0.0003462672931898355
0,0.005046254489570856,0.0001969632885599867
1,0.9619068503379822,0.8551831538379978
0,0.5225967168807983,0.11666246661110255
1,0.9888468384742737,0.9643130395006038
0,0.026165112853050232,0.001481120444892068
0,0.061618972569704056,0.0043579020789180295
0,0.729142963886261,0.2819446350538246
0,0.014406879432499409,0.0007092699872557152
0,0.26659804582595825,0.0335920302097519
0,0.2486829161643982,0.03009750081477172
0,0.03489316999912262,0.0021204511952664182
0,0.0715896487236023,0.005288839653016366
0,0.17222318053245544,0.017378861393826703
0,0.06846463680267334,0.004991733205307048
0,0.3618459403514862,0.056202456439098575
0,0.007489125244319439,0.00031859948981147716
0,0.014528709463775158,0.0007166411118655336
1,0.7745217680931091,0.3453162059344901
0,0.4668523371219635,0.09156019362794228
0,0.23244595527648926,0.027109083463555506
1,0.9921471476554871,0.9764660957793119
0,0.019221270456910133,0.0010112821215686424
0,0.6864657998085022,0.23414702145398894
0,0.3719121217727661,0.059051789664425154
0,0.055805839598178864,0.003838365630862686
0,0.017011594027280807,0.0008700189774621701
0,0.04600377753376961,0.0030026398492833542
0,0.03854916989803314,0.002402711828187442
0,0.15027686953544617,0.014319480738465952
0,0.01905471831560135,0.0010004862800519958
0,0.08302632719278336,0.006416894950995116
0,0.08360377699136734,0.006475531242950811
0,0.039032936096191406,0.002440665092432381
0,0.2192949503660202,0.024807327575624562
1,0.8978357911109924,0.6219396470677397
0,0.012630091980099678,0.0006035209101127837
0,0.031000880524516106,0.0018291103039375241
0,0.2758096158504486,0.0354732012564161
0,0.18232877552509308,0.01887149778218144
0,0.011445715092122555,0.0005349462139949197
0,0.034214217215776443,0.00206893784218546
0,0.22671644389629364,0.02609350021148997
0,0.013150546699762344,0.0006341497769510907
0,0.0163278765976429,0.0008271980394898602
0,0.006971370428800583,0.00029194991904316655
1,0.819023609161377,0.42413465326134087
0,0.00401752395555377,0.00014926998515689738
0,0.017104506492614746,0.0008758712559874545
0,0.0686299204826355,0.005007326303117446
0,0.01772872544825077,0.0009153915691613749
0,0.0037458103615790606,0.00013709076904417863
0,0.046558260917663574,0.003048523282515671
0,0.1017182469367981,0.008395925815723517
0,0.8951562643051147,0.6136831388759677
0,0.04768328368663788,0.0031421413764028514
1,0.44080790877342224,0.08151087393023132
0,0.16800889372825623,0.016772221529666922
0,0.03564629703760147,0.0021779278859588302
0,0.004628936294466257,0.000177329046969458
0,0.0076552145183086395,0.00032723858473733336
0,0.5322465896606445,0.12158124730708554
0,0.24493443965911865,0.029392841303636612
0,0.22734962403774261,0.026204757312206298
0,0.020532965660095215,0.0010971202543349212
0,0.016703497618436813,0.0008506695081396494
0,0.8792276978492737,0.5670482711533092
0,0.05215255916118622,0.0035208634912970026
0,0.969813883304596,0.8877012901969096
0,0.024096306413412094,0.0013372763958576254
0,0.06680241227149963,0.004835671678803177
0,0.849165141582489,0.48963614193441213
0,0.9021093845367432,0.6353599466526626
1,0.9878829121589661,0.9606485330043242
0,0.009530520997941494,0.00042760435147277346
0,0.048259325325489044,0.003190345828632202
0,0.3171376883983612,0.04467497617408703
0,0.0911211296916008,0.007253465649992181
1,0.9850243330001831,0.9495540448608417
0,0.126630038022995,0.011292465771556664
0,0.2639295756816864,0.033057959819972754
0,0.08146443217992783,0.00625909918893375
0,0.08224731683731079,0.006338045834647462
1,0.7387828826904297,0.29420446504188835
0,0.8337681293487549,0.4547953608606146
0,0.035528846085071564,0.002168941233249836
0,0.08164636045694351,0.0062774186063024205
0,0.1230454072356224,0.010857368855180566
0,0.3370996117591858,0.04960443686994609
0,0.12241572141647339,0.010781577423725092
0,0.3682572841644287,0.05800573553965616
0,0.06733867526054382,0.004885869591522914
0,0.03861767426133156,0.002408077788410012
0,0.07037190347909927,0.005172490411444279
0,0.08386937528848648,0.006502554888649287
0,0.006874593906104565,0.000287017162319177
0,0.5562258362770081,0.13464978338083655
0,0.7800390124320984,0.35409226592454
0,0.10499409586191177,0.008759905427006165
1,0.8124294877052307,0.41121457373403475
0,0.013223480433225632,0.0006384653491986259
0,0.07533738017082214,0.005651485346959203
0,0.05092041939496994,0.0034153768940883224
0,0.7524201273918152,0.3126032393124628
0,0.3270457983016968,0.04707975385053965
0,0.010627442970871925,0.0004885260207719897
0,0.04226985201239586,0.0026981512460810316
0,0.27601656317710876,0.035516141623211
0,0.11131363362073898,0.009476501522663204
0,0.0673643946647644,0.00488828070683372
0,0.01010257750749588,0.00045918353406147446
1,0.9452840089797974,0.7885574190053232
0,0.40146952867507935,0.06802030842787184
1,0.9905044436454773,0.9705019196801383
0,0.10033583641052246,0.00824385798947875
0,0.5299844145774841,0.12041138927892259
0,0.04232320934534073,0.002702446580426228
1,0.9671286344528198,0.8766329763719116
0,0.03412589430809021,0.002062257852357669
0,0.15315409004688263,0.014706647974432307
0,0.39869192242622375,0.06713733072792902
0,0.49288806319236755,0.10262484689059531
0,0.2994610071182251,0.04058090060527709
0,0.009730326943099499,0.00043858566010536047
0,0.08333125710487366,0.006447838618953196
0,0.01269899308681488,0.0006075587792817349
0,0.02030627429485321,0.0010821833619949891
0,0.036976661533117294,0.00228031043403759
0,0.047245774418115616,0.003105651372493302
0,0.13261352479457855,0.012032565534783407
0,0.15726923942565918,0.01526762720441468
1,0.7256712913513184,0.27767240280392647
1,0.3847389817237854,0.0628300844372849
0,0.12813051044940948,0.011476431310115616
0,0.08535631746053696,0.00665447193688228
0,0.026603003963828087,0.0015119644664151777
0,0.11279939860105515,0.0096477412430248
0,0.007446691393852234,0.00031639922757595594
0,0.2893204391002655,0.03834075246487056
0,0.020957013592123985,0.0011251737868602752
0,0.09417711198329926,0.007577437855910398
0,0.005409844685345888,0.0002143667707740693
0,0.028416277840733528,0.001641123723484261
0,0.02296595089137554,0.0012600266663916671
0,0.04839096963405609,0.003201387626575669
0,0.035599108785390854,0.0021743162968799862
0,0.8006179332733154,0.38921182892500644
0,0.007823253981769085,0.0003360225518488087
0,0.09184177219867706,0.007329461312906847
0,0.18568666279315948,0.019379488982584955
0,0.07628805935382843,0.0057445686005950704
0,0.323554128408432,0.04622301713204865
0,0.020871667191386223,0.0011195158278883848
0,0.02974478155374527,0.0017371899285672152
0,0.018086086958646774,0.0009381735404636379
0,0.3847671449184418,0.06283856773832434
0,0.08121868222951889,0.0062343785484458335
1,0.4855514466762543,0.09939668285013645
0,0.09979243576526642,0.008184331805987639
0,0.007259422913193703,0.0003067231457488682
0,0.0925624668598175,0.007405710326110317
0,0.6911503672599792,0.2389258898768725
0,0.19670069217681885,0.021088638476451732
0,0.1115633174777031,0.00950520487037597
0,0.10618610680103302,0.00889361683228175
0,0.4534508287906647,0.08626934964381686
0,0.2386607974767685,0.028233425552233855
0,0.023177223280072212,0.0012743914671314608
0,0.012057851999998093,0.0005701894127189225
0,0.032924577593803406,0.0019718900596534155
0,0.8623977303504944,0.5220963812786563
0,0.05556334927678108,0.0038170735773370218
0,0.5937096476554871,0.15780773670929593
0,0.4276755452156067,0.07679412581966794
0,0.730506420135498,0.2836428464465732
0,0.6877626180648804,0.23545934896763177
0,0.03703045845031738,0.0022844732592024095
0,0.0830116793513298,0.006415409644295589
0,0.13093054294586182,0.011822642722443455
0,0.2726188898086548,0.03481494005031861
0,0.019123436883091927,0.0010049377252182628
0,0.15626157820224762,0.01512947232741177
0,0.13805831968784332,0.01272116110569723
0,0.7342656254768372,0.28838552251254335
0,0.019604597240686417,0.0010362185708798562
0,0.06925173848867416,0.005066110861276308
0,0.443159282207489,0.08237935126402003
0,0.11870258301496506,0.010338521934258623
0,0.022985035553574562,0.0012613228620029966
0,0.03318089619278908,0.0019910944606960656
0,0.014658385887742043,0.0007245033991722697
0,0.05587911233305931,0.0038448054448699804
0,0.004338120575994253,0.000163873979692103
0,0.12697622179985046,0.011334813132838831
0,0.03243519365787506,0.0019353402527691303
1,0.6788516640663147,0.22660148568681945
0,0.03517818823456764,0.0021421616982504645
0,0.00929378904402256,0.0004146623570660836
0,0.014712161384522915,0.0007277687577470579
0,0.11303239315748215,0.009674690232979993
0,0.013146709650754929,0.0006339228923473806
0,0.48665592074394226,0.09987695707985504
0,0.03299035131931305,0.001976814087079466
1,0.9801378846168518,0.9300287242878843
0,0.021581657230854034,0.0011667623445157365
0,0.0077477251179516315,0.0003320690508187887
0,0.029423117637634277,0.0017138202286309586
1,0.8884419798851013,0.5935209720324999
0,0.04013930633664131,0.002527984531493036
1,0.9376866817474365,0.7593360448191409
0,0.04905029013752937,0.0032568311158994116
1,0.8125209808349609,0.4113906393178038
0,0.07397856563329697,0.005519206204763329
0,0.0368649959564209,0.002271675318045848
0,0.7966803908348083,0.38218678839134346
1,0.7133325934410095,0.26306936667082087
0,0.9295365214347839,0.7290151344988446
0,0.2029941827058792,0.022095305566896307
0,0.022435562685132027,0.001224116037461085
1,0.9753197431564331,0.9103709913868718
0,0.2706514298915863,0.034412576431889885
0,0.014375496655702591,0.0007073736563674762
0,0.0776212215423584,0.005875842616241502
0,0.08703027665615082,0.006826765737450633
0,0.30879682302474976,0.04271251217899134
0,0.045798346400260925,0.0029856838340626035
0,0.5949461460113525,0.1586348323454302
0,0.019487164914608,0.0010285660983064035
0,0.07184625416994095,0.005313450137497813
0,0.36575236916542053,0.057296423574951245
0,0.03178955987095833,0.001887356915811772
0,0.017703497782349586,0.0009137875792196477
0,0.11318599432706833,0.009692470468760917
0,0.04615456238389015,0.0030151003756579207
0,0.18040578067302704,0.018583298211357978
1,0.9645623564720154,0.8660738998711212
0,0.15235748887062073,0.014599039634510792
0,0.038944728672504425,0.002433734523066093
0,0.027295177802443504,0.0015609967807367828
0,0.11057478189468384,0.009391738173776224
0,0.02681325003504753,0.0015268221499620594
0,0.4326692223548889,0.0785613907756594
0,0.26214587688446045,0.03270365335385638
0,0.050907574594020844,0.0034142815030168846
0,0.014968077652156353,0.0007433480210399003
0,0.05428642779588699,0.003705460726782998
0,0.08791773021221161,0.006918652386144194
0,0.028508685529232025,0.0016477669858708025
0,0.024967366829514503,0.0013974591233365029
0,0.04989076033234596,0.0033278505339758547
0,0.17075414955615997,0.017166348156059195
0,0.2267354130744934,0.026096829808110126
0,0.01495902519673109,0.0007427958309572738
0,0.035195767879486084,0.002143502432360502
0,0.03039202094078064,0.0017844235498773071
0,0.24133718013763428,0.028725010991199073
0,0.4502245783805847,0.08503411318629134
0,0.05138799175620079,0.003455311255269258
0,0.412672221660614,0.07167099603001642
0,0.11488718539476395,0.009890146618605364
1,0.7475878000259399,0.3059366337088598
0,0.37183958292007446,0.05903089885999637
0,0.034595947712659836,0.0020978649486532567
0,0.05768831446766853,0.0040046995407519185
0,0.019651848822832108,0.0010393009889252676
0,0.13787440955638885,0.012697665868430649
0,0.044564418494701385,0.002884333274705888
0,0.020392930135130882,0.0010878882115168186
0,0.15622323751449585,0.01512422578455272
0,0.03672536835074425,0.002260888555168142
0,0.10883300751447678,0.009192946132897045
0,0.04113912954926491,0.002607512403108483
0,0.010534780099987984,0.00048332066153491027
0,0.027936233207583427,0.0016067074684631144
0,0.4185876250267029,0.07365814783419772
0,0.01504796463996172,0.0007482245514685617
0,0.006441541016101837,0.000265137978105891
0,0.04707850515842438,0.0030917283096645303
0,0.5543044805526733,0.13355580179960724
0,0.8434969782829285,0.4764573916921985
0,0.23509252071380615,0.02758496389600874
1,0.9456726312637329,0.7900754829931912
0,0.018979620188474655,0.0009956261930425833
0,0.10476778447628021,0.008734595783625506
0,0.018805742263793945,0.0009843919743820922
1,0.9635701775550842,0.8619997793752928
1,0.7474443316459656,0.30574121951596456
0,0.011474626138806343,0.0005366009478973315
0,0.0198659785091877,0.0010532929996431698
0,0.13036808371543884,0.011752792244103083
0,0.03499841317534447,0.002128461933994267
0,0.017679674550890923,0.0009122734053409278
0,0.019107598811388016,0.0010039114108112983
0,0.0933428630232811,0.0074885550996374
0,0.010612763464450836,0.00048770068736270515
0,0.022549202665686607,0.0012317918552906943
0,0.04946138337254524,0.00329152046783985
0,0.1778707206249237,0.0182063732318909
0,0.06255444139242172,0.004443124004983716
0,0.0293279942125082,0.0017069226270059862
0,0.12009322643280029,0.010503680045527904
0,0.8399452567100525,0.4684115255328475
0,0.028687305748462677,0.0016606247162336632
0,0.0189866553992033,0.0009960812823774372
0,0.059068288654088974,0.004127798579219488
0,0.0706145316362381,0.005195613948292768
0,0.3165651261806488,0.04453847533136541
0,0.2057659775018692,0.022545717261238753
