studyno,true_label,raw_probability,calibrated_probability,predicted_class,num__yrtx,num__ageattx,num__rbmi,num__dageattx,num__mma,num__mmb,num__mmdr,num__totalmm,num__abomm,num__crf,num__cit,num__pra,num__age10,cat__prevtx_No,cat__prevtx_Yes,cat__sex_Female,cat__sex_Male,cat__ethnicity_Asian,cat__ethnicity_Black,cat__ethnicity_Other,cat__ethnicity_White,cat__prd_ADPKD,cat__prd_DKD,cat__prd_GN,cat__prd_Other,cat__prd_Reflux/CPN,cat__prd_Unknown,cat__rdm_No,cat__rdm_Yes,cat__premt_tx_No,cat__premt_tx_Yes,cat__dtype_DBD,cat__dtype_DCD,cat__dtype_Living donor,cat__dcmv_Negative,cat__dcmv_Positive,cat__debv_Negative,cat__debv_Positive,cat__rcmv_Negative,cat__rcmv_Positive,cat__rebv_Negative,cat__rebv_Positive,cat__induction_Campath,cat__induction_Simulect,cat__age60_60 and above,cat__age60_Less than 60,cat__citcat_Less than 24h,cat__citcat_more than 24h
123,0,0.1109667494893074,0.10797991212616623,0,-0.21376442909240723,-0.4312147796154022,0.42542776465415955,-0.11228479444980621,0.04762192443013191,0.03256569057703018,-0.26747235655784607,0.00831975881010294,-0.2717292606830597,0.02167316898703575,-0.3444766104221344,-1.5271971225738525,-0.9678425192832947,-0.0009916075505316257,0.0,0.00035790129913948476,0.004683340899646282,0.3184313178062439,-0.0018615617882460356,0.0,0.5920344591140747,0.00018013521912507713,-0.05385065823793411,0.06817576289176941,0.02676691673696041,-0.08996111899614334,0.03128767013549805,-0.04286971315741539,-0.0030532137025147676,0.07876260578632355,0.001949560595676303,-0.14068031311035156,-0.20252051949501038,0.052151162177324295,-0.256344199180603,-0.03629692271351814,-0.0035146998707205057,-0.0010941249784082174,0.08523385226726532,0.046638764441013336,0.0,0.0,-0.18024711310863495,-0.042937297374010086,-0.005486101843416691,0.0,-0.01171747874468565,1.849315594881773e-06
243,0,0.030350102111697197,0.09947453983348438,0,-0.22028112411499023,-0.6674279570579529,0.26336076855659485,0.5255798101425171,-0.08349122107028961,-0.010578232817351818,-0.26740142703056335,0.018006986007094383,-0.3205185532569885,0.030588816851377487,-0.6452153921127319,-1.768951177597046,-0.8660596013069153,-0.0009326293948106468,0.0,0.042823370546102524,0.00788594875484705,-0.10920361429452896,-0.0018615617882460356,0.0,-0.20124822854995728,-0.0016859001480042934,0.1839360147714615,0.03261163830757141,-0.009863575920462608,-0.08402300626039505,0.030516840517520905,0.12377341836690903,0.00859044212847948,0.08420512825250626,0.0028979280032217503,-0.12146052718162537,-0.12375759333372116,0.05591454356908798,-0.3152579665184021,-0.036547012627124786,-0.00432672630995512,-0.0015363076236099005,-0.027074160054326057,-0.014296915382146835,0.0,0.0,-0.19570223987102509,-0.04775996506214142,0.002394258975982666,0.0,-0.016999848186969757,1.849315594881773e-06
434,0,0.038014765828847885,0.10025683191677862,0,0.09741050750017166,-0.10640089958906174,-0.7845060229301453,-0.8176453709602356,0.05934949964284897,-0.01108642853796482,-0.25610870122909546,0.013840874657034874,-0.30284345149993896,0.02014830708503723,0.06059097871184349,-2.3520514965057373,-0.06127573177218437,-0.0016710828058421612,0.0,-0.05553446710109711,-0.024149490520358086,-0.06673194468021393,-0.0018615617882460356,0.0,-0.21477940678596497,-0.010411283001303673,-0.02559041790664196,0.04222627356648445,-0.04267425462603569,0.1511658877134323,0.021476317197084427,-0.03218311816453934,-0.0029009098652750254,0.15986256301403046,0.0035621807910501957,-0.09633370488882065,-0.09035808593034744,0.04653536155819893,-0.20044554769992828,-0.021700231358408928,-0.005036734975874424,-0.001297080423682928,0.021530961617827415,0.020213128998875618,0.0,0.0,0.2738608419895172,0.03781973570585251,0.0010976837947964668,0.0,0.03715294599533081,0.00046713207848370075
190,0,0.018531376495957375,0.09827890551707288,0,-0.20304691791534424,-0.6149892807006836,0.18545305728912354,-0.6249372363090515,-0.1173311173915863,-0.015553423203527927,0.14775536954402924,-0.09398899972438812,-0.28413885831832886,0.019911784678697586,-0.46967458724975586,-1.7886552810668945,-1.1724584102630615,0.0006289954762905836,0.0,0.015002175234258175,0.00770608801394701,0.2190796136856079,-0.0018615617882460356,0.0,0.2912530303001404,0.0069387140683829784,-0.05761539191007614,-0.16972041130065918,-0.014386818744242191,-0.07726997882127762,0.02892320789396763,0.09502102434635162,0.006978285498917103,-0.0478866845369339,-0.0031797741539776325,-0.15654943883419037,-0.22966289520263672,0.06604812294244766,0.16701427102088928,0.024730045348405838,-0.003447409253567457,-0.0006993453716859221,-0.08068976551294327,-0.03142756596207619,0.0,0.0,-0.2079593986272812,-0.05343129485845566,-0.0061951326206326485,0.0,-0.00882299616932869,-0.0026880197692662477
379,0,0.7991582751274109,0.2091327046762232,1,-0.34924790263175964,0.03709409758448601,-0.8562285304069519,-0.809567391872406,-0.07655206322669983,-0.016413722187280655,0.1702655553817749,0.002563413931056857,-0.13695156574249268,0.09160740673542023,-0.21443046629428864,1.960906744003296,0.1313985139131546,0.013403959572315216,0.0,-0.03647275269031525,-0.012910062447190285,-0.0221864003688097,-0.00043878756696358323,0.0,-0.10854101926088333,0.026108715683221817,-0.042835477739572525,0.032169852405786514,0.05022474378347397,-0.0356447659432888,0.028677552938461304,0.06493890285491943,0.012099332176148891,-0.053088217973709106,-0.0032214943785220385,-0.0951940268278122,0.02008844166994095,-0.08679807186126709,0.06794209778308868,0.01640908792614937,-0.0071213627234101295,-0.0013662173878401518,-0.015365800820291042,0.006460580974817276,0.0,0.0,0.24625152349472046,0.044766925275325775,0.0015877397963777184,0.0,0.04517313092947006,0.0052411239594221115
89,0,0.05504552647471428,0.10201466335214972,0,-0.0978584960103035,-0.6093937754631042,-0.31707748770713806,0.07646945863962173,-0.09550712257623672,-0.009907592087984085,0.08439988642930984,-0.08043082058429718,-0.29738518595695496,0.02393341436982155,-0.007086578756570816,-1.944977879524231,-0.6972196102142334,-0.0009017161792144179,0.0,0.017398925498127937,0.00770608801394701,-0.07961559295654297,-0.0018615617882460356,0.0,-0.1975821852684021,0.0004506342811509967,0.21453267335891724,0.07320072501897812,-0.014001945964992046,-0.0648878961801529,0.030203120782971382,0.12962396442890167,0.021934613585472107,0.0618504099547863,0.0025123797822743654,-0.16874481737613678,0.031275078654289246,-0.07566513866186142,0.12684188783168793,0.008754181675612926,-0.003687773598358035,-0.0014006220735609531,-0.02138962224125862,-0.008963382802903652,0.0,0.0,-0.19822098314762115,-0.04529428109526634,0.009873999282717705,0.0,-0.010829027742147446,-0.00028675334760919213
305,1,0.8749507069587708,0.2237221899348375,1,0.12028791755437851,0.1031508594751358,0.4803258180618286,0.7022099494934082,-0.09568530321121216,-0.010500120930373669,0.24855080246925354,-0.045023005455732346,-0.2318253368139267,0.01590261235833168,-0.19372564554214478,-1.946842074394226,0.916417121887207,0.0006307544535957277,0.0,-0.052641503512859344,-0.013062809593975544,0.1961837261915207,-0.0018615617882460356,0.0,0.3115401566028595,0.005172448698431253,-0.03042265772819519,0.11013887822628021,0.09880759567022324,-0.02538321353495121,0.029591694474220276,-0.019896086305379868,-0.0008852644241414964,0.0926203802227974,0.0025123797822743654,0.1680005043745041,0.07055122405290604,0.058201439678668976,-0.13636818528175354,-0.009076694026589394,-0.003229281399399042,-0.0004395040450617671,-0.06348566710948944,-0.030315794050693512,0.0,0.0,-0.1262560784816742,-0.027647655457258224,0.0008040647953748703,0.0,-0.007431347388774157,-0.0003770733892451972
52,0,0.08059094846248627,0.10470254878266258,0,0.14484582841396332,-0.013273554854094982,0.020019661635160446,0.13793349266052246,-0.02942967601120472,0.02284584753215313,0.15633228421211243,-0.08998988568782806,-0.2962355315685272,0.01839187555015087,-0.3271769881248474,-2.2463557720184326,0.03729161247611046,-0.0012396242236718535,0.0,-0.05913223326206207,-0.019198734313249588,-0.04207717254757881,-0.0018615617882460356,0.0,-0.22562915086746216,-0.10526472330093384,-0.043667271733284,0.0958004891872406,-0.05636310577392578,-0.029484260827302933,0.023846764117479324,-0.04025232419371605,-0.003429516451433301,-0.05278073251247406,-0.00105948094278574,-0.16621501743793488,0.03013792261481285,-0.07511653006076813,-0.2528715133666992,-0.03415343910455704,-0.004013470374047756,-0.0013600860256701708,-0.0019725144375115633,0.014301271177828312,0.0,0.0,-0.1644287407398224,-0.02630164846777916,0.0017940865363925695,0.0,-0.013504388742148876,-0.00028675334760919213
295,0,0.024562261998653412,0.09888740813848089,0,-0.2234833836555481,0.05248809978365898,-2.3477745056152344,0.4464815557003021,-0.09121564030647278,-0.009793738834559917,0.16239367425441742,-0.07574823498725891,-0.29210150241851807,0.015759985893964767,-0.28402024507522583,-1.5808058977127075,0.34612441062927246,-0.0010979925282299519,0.0,0.031847141683101654,0.006287009455263615,-0.05176704749464989,-0.0018615617882460356,0.0,-0.20155930519104004,-0.005683812778443098,-0.05797247961163521,0.0900869369506836,-0.04673540219664574,-0.03504627197980881,-0.356717050075531,-0.03238420933485031,-0.003429516451433301,0.0845252275466919,0.0022153451573103666,-0.18629537522792816,0.032999806106090546,-0.06026540324091911,-0.11036127060651779,-0.008548548445105553,-0.0033194157294929028,-0.0008999417186714709,0.016340291127562523,0.011827941052615643,0.0,0.0,-0.1534176617860794,-0.035479653626680374,0.0020287558436393738,0.0,-0.011161024682223797,-0.0003770733892451972
163,0,0.022795023396611214,0.09870875118694587,0,-0.10849415510892868,-0.8463099598884583,-0.20206096768379211,-0.5628306269645691,-0.08648552000522614,-0.01566624641418457,0.1328614205121994,-0.09828460961580276,-0.30589473247528076,0.01412274781614542,-0.4123319983482361,-2.106686592102051,-0.8790003061294556,3.281180397607386e-05,0.0,0.017354542389512062,0.011325320228934288,-0.07473316788673401,-0.0018615617882460356,0.0,-0.1364467591047287,0.007929535582661629,-0.047608815133571625,0.03612816333770752,-0.01739560253918171,0.30941537022590637,0.028278155252337456,-0.03081272542476654,-0.0025211127940565348,0.09645824134349823,0.008007439784705639,0.24068483710289001,0.05182553082704544,0.07163067907094955,0.15975351631641388,0.0069222417660057545,-0.004292777273803949,-0.0007737191626802087,-0.034395113587379456,-0.008963382802903652,0.0,0.0,-0.19495432078838348,-0.04535340145230293,0.002394258975982666,0.0,-0.012672832235693932,-0.0026880197692662477
193,0,0.3553307354450226,0.13775185769973955,1,-0.09434328228235245,0.03407544270157814,0.4440120458602905,-0.12341517955064774,0.037305399775505066,-0.009435116313397884,-0.4013954997062683,-0.08319372683763504,-0.28404176235198975,0.019663391634821892,0.3875667154788971,-2.128769636154175,0.11118592321872711,0.0004204903671052307,0.0,0.04721400886774063,0.007240587845444679,-0.045921117067337036,-0.0018615617882460356,0.0,-0.10273036360740662,0.0003280877135694027,-0.02878439798951149,0.033329371362924576,0.048272378742694855,-0.050596389919519424,0.03470587357878685,-0.034185271710157394,-0.0008852644241414964,0.06632977724075317,0.0032464913092553616,0.15805582702159882,0.05124538391828537,0.15409694612026215,0.17890696227550507,0.015095856040716171,-0.005000467877835035,-0.001116699306294322,-0.052048325538635254,-0.011248204857110977,0.0,0.0,-0.20270875096321106,-0.04344181343913078,0.0014443170512095094,0.0,-0.010261354967951775,-0.00028675334760919213
261,0,0.01296919584274292,0.09772065389008248,0,-0.08108986169099808,-0.5500736236572266,-0.1230149194598198,-0.5735536813735962,-0.007074687164276838,-0.013755079358816147,-0.14726950228214264,-0.0998254045844078,-0.31663021445274353,0.01790388859808445,-0.6065256595611572,-1.86122727394104,-1.0528045892715454,7.676114910282195e-05,0.0,0.020118389278650284,0.0077155898325145245,-0.07980592548847198,-0.0018615617882460356,0.0,-0.12988148629665375,0.004713724367320538,-0.03690262511372566,0.022157829254865646,-0.01426578126847744,0.40336623787879944,0.02500210702419281,-0.03331275284290314,-0.0025211127940565348,0.11391957104206085,0.0032464913092553616,0.13296546041965485,0.044925954192876816,0.045688446611166,-0.3189440369606018,-0.03161483258008957,-0.004277890548110008,-0.0010761632584035397,-0.047194257378578186,-0.009137324057519436,0.0,0.0,-0.24624887108802795,-0.05015269294381142,-0.005289077293127775,0.0,-0.014549242332577705,-0.00028675334760919213
404,0,0.7052536010742188,0.19204419055342886,1,0.2260286808013916,-0.9353126287460327,0.23699162900447845,-0.6832276582717896,-0.05785257741808891,-0.015442561358213425,0.14298664033412933,-0.0375886894762516,-0.1456766575574875,0.10658814758062363,-0.052845656871795654,1.7753372192382812,-0.8586568832397461,0.001308185514062643,0.0,-0.037433039397001266,-0.022814607247710228,-0.016063522547483444,-0.00043878756696358323,0.0,-0.0648529976606369,-0.7446954250335693,-0.03715096414089203,0.020891081541776657,-0.019337601959705353,-0.06671390682458878,0.028666511178016663,0.047138478606939316,0.011835121549665928,0.12536776065826416,0.007939858362078667,-0.08520181477069855,0.04332638159394264,-0.07840697467327118,0.06874686479568481,0.0017466300632804632,-0.003760282415896654,-0.0009060729644261301,-0.004621394444257021,-0.0038849664852023125,0.0,0.0,0.5408526659011841,0.10526096820831299,0.009873999282717705,0.0,0.05577422305941582,0.00242661964148283
272,0,0.03468000516295433,0.09991580074482925,0,-0.33176276087760925,-0.016397258266806602,0.04503921419382095,0.054088491946458817,-0.046402402222156525,-0.006839704234153032,-0.426092267036438,0.0074423616752028465,-0.3060230314731598,0.01853380911052227,-0.6475616693496704,-2.2211532592773438,0.06522302329540253,0.007745400071144104,0.0,-0.08664095401763916,-0.017682552337646484,-0.07715528458356857,-0.0018615617882460356,0.0,-0.15984824299812317,-0.011641879566013813,-0.02591778337955475,-0.1327388435602188,-0.03234439343214035,-0.05465376377105713,0.028643939644098282,-0.03202183544635773,-0.0006876924308016896,0.08572299778461456,0.0032464913092553616,0.14360347390174866,0.0246584415435791,0.04913410544395447,-0.26679790019989014,-0.03489045798778534,0.06563854217529297,0.01942560449242592,-0.022312944754958153,-0.011248204857110977,0.0,0.0,-0.21461983025074005,-0.03325720876455307,0.0011992338113486767,0.0,-0.013331221416592598,1.849315594881773e-06
409,0,0.8349887132644653,0.21594104152040183,1,-0.37777793407440186,-0.04713372886180878,-0.17780561745166779,-0.6992368698120117,0.010313786566257477,0.0035833967849612236,-0.2852967083454132,-0.49496498703956604,-0.13588622212409973,0.08214575797319412,-0.11577209085226059,1.7491480112075806,0.3992244601249695,0.0002682730264496058,0.0,0.010559718124568462,0.006712933070957661,-0.02129034325480461,-0.00043878756696358323,0.0,-0.07089255005121231,0.029423058032989502,-0.03387799113988876,0.031110551208257675,-0.027423053979873657,0.2074817568063736,0.026391180232167244,-0.016179243102669716,-0.0033383613917976618,0.13444672524929047,0.0035621807910501957,-0.09991008043289185,0.04311221465468407,-0.06975381821393967,-0.13223417103290558,-0.006657268851995468,-0.008023884147405624,-0.0005654810229316354,0.00473543768748641,0.006460580974817276,0.0,0.0,0.3141686022281647,0.05561130866408348,0.0020287558436393738,0.0,0.03877386823296547,0.0003632555017247796
108,0,0.08921629935503006,0.10562413644964648,0,-0.007750944700092077,-0.7053549885749817,-1.0241236686706543,-0.6173564791679382,-0.09785091131925583,-0.051757752895355225,0.2165084332227707,-0.04235944524407387,-0.15012960135936737,-0.1927490383386612,-0.35368114709854126,0.7821677327156067,-0.8747866153717041,-0.0011345207458361983,0.0,-0.043990153819322586,-0.011966615915298462,0.11432012170553207,-0.00043878756696358323,0.0,0.1447058916091919,0.0356065034866333,-0.031240612268447876,0.007292893249541521,-0.007072357460856438,-0.12173239886760712,-0.4637562334537506,-0.012156073935329914,-0.001400932902470231,0.046884480863809586,0.0027492628432810307,0.1361573487520218,0.027865849435329437,0.062250349670648575,0.055591266602277756,0.010479144752025604,-0.0037417621351778507,-0.0017269215313717723,-0.027838103473186493,-0.011834422126412392,0.0,0.0,-0.29889416694641113,-0.06544031202793121,-0.01156330294907093,0.0,-0.018181508406996727,-5.0400791224092245e-05
368,0,0.011751875281333923,0.09759885450755758,0,-0.1771073043346405,-0.7490874528884888,-0.7906381487846375,0.7340220212936401,0.028922228142619133,-0.04308220371603966,-0.3210988938808441,-0.08454946428537369,-0.32861658930778503,0.01642596535384655,-0.47784319519996643,-2.107459306716919,-0.8207970261573792,0.003428305499255657,0.0,0.01940067857503891,0.004327796399593353,-0.08193714171648026,-0.0018615617882460356,0.0,-0.2198021560907364,-0.004057292360812426,-0.04879416525363922,0.08550982922315598,0.013469255529344082,-0.07595907151699066,0.02575763501226902,-0.03325066715478897,-0.0025211127940565348,-0.04734743759036064,-0.0009871252113953233,-0.09445986896753311,-0.2569800019264221,0.047909751534461975,-0.27083104848861694,-0.03734341263771057,-0.005286737345159054,-0.001297080423682928,-0.03679366782307625,-0.011048229411244392,0.0,0.0,0.36010122299194336,0.08628660440444946,0.001496023847721517,0.0,-0.014587617479264736,0.00020530703477561474
271,0,0.20505736768245697,0.11870911681683545,0,-0.2577562630176544,0.12021070718765259,-3.4168825149536133,0.1412237137556076,-0.06961115449666977,-0.008498364128172398,0.25709545612335205,-0.008425198495388031,-0.13216646015644073,-0.1504618525505066,-0.35194361209869385,1.1529762744903564,0.1397031545639038,0.0001504250685684383,0.0,-0.0161333866417408,-0.01360059529542923,0.09523586928844452,-0.00043878756696358323,0.0,0.146294966340065,0.023117689415812492,-0.03177940472960472,0.06842145323753357,0.03266017138957977,-0.06728742271661758,0.03212736174464226,-0.013022619299590588,-0.0008648518705740571,-0.06065458804368973,-0.00105948094278574,0.17091558873653412,0.04128469154238701,0.06480401009321213,-0.1691429316997528,-0.03319868445396423,-0.0051830606535077095,-0.0006588094402104616,-0.02488189935684204,-0.008514405228197575,0.0,0.0,-0.22679446637630463,-0.039762936532497406,0.0009775093058124185,0.0,-0.019646931439638138,-5.0400791224092245e-05
245,0,0.06160430610179901,0.10269888396936576,0,-0.3576090633869171,0.10894756019115448,-0.1509549915790558,0.2815139889717102,-0.057293638586997986,-0.03426071256399155,-0.48455649614334106,0.050113122910261154,-0.3013915717601776,0.017836902290582657,-0.4476935565471649,-1.8788282871246338,0.08114676922559738,0.0004204903671052307,0.0,0.059110257774591446,0.008007431402802467,-0.07240770757198334,-0.0018615617882460356,0.0,-0.1246877908706665,-0.14697536826133728,-0.03467829152941704,0.038019031286239624,-0.021066784858703613,-0.07236719131469727,0.030084069818258286,-0.03075169213116169,-0.0006876924308016896,-0.04610171541571617,-0.0011735571315512061,0.19079162180423737,0.029518427327275276,0.06854234635829926,-0.337418794631958,-0.047398775815963745,-0.006081680301576853,-0.0015918451827019453,-0.03769439458847046,-0.011248204857110977,0.0,0.0,-0.20382079482078552,-0.041473932564258575,0.0010976837947964668,0.0,-0.022758230566978455,1.849315594881773e-06
275,0,0.014301637187600136,0.09785412707191452,0,-0.18184007704257965,-0.09544497728347778,-2.4032015800476074,0.09064143896102905,-0.08299082517623901,-0.009106800891458988,-0.3958433270454407,-0.0011946591548621655,-0.28049272298812866,0.02105533890426159,-0.20293402671813965,-1.3793373107910156,-0.00045060866978019476,0.00010471680434420705,0.0,0.06812959909439087,0.012933026999235153,0.15638016164302826,-0.0018615617882460356,0.0,0.2362232804298401,-0.007912210188806057,-0.04290250316262245,0.026657216250896454,-0.027461450546979904,-0.0529758483171463,-0.43553271889686584,-0.02316366694867611,-0.0006876924308016896,-0.04216134175658226,-0.0010264370357617736,-0.14714501798152924,-0.12796638906002045,0.05298418179154396,0.13706181943416595,0.014626299031078815,-0.004541761241853237,-0.0010423255153000355,-0.08788585662841797,-0.038051147013902664,0.0,0.0,-0.20851311087608337,-0.04277754947543144,0.0010976837947964668,0.0,-0.010668190196156502,1.849315594881773e-06
435,0,0.2105609029531479,0.11936440736161373,0,-0.151692733168602,-0.728528618812561,0.44126611948013306,0.366779625415802,-0.08166015893220901,-0.01184894423931837,0.24120105803012848,-0.0617108978331089,-0.2952342629432678,0.01625564880669117,0.09095016866922379,-2.2744009494781494,-0.5131890177726746,0.001798127545043826,0.0,0.024235256016254425,0.007822454907000065,-0.05272121727466583,-0.0018615617882460356,0.0,-0.16818977892398834,0.00833873264491558,-0.03765717148780823,-0.3862910270690918,-0.009606617502868176,-0.04647619277238846,0.02933455817401409,0.06517664343118668,0.01447631698101759,0.084894098341465,0.0024447981268167496,0.16221895813941956,0.07241059094667435,0.05346188321709633,0.14222821593284607,0.007472543511539698,-0.0034717987291514874,-0.0007393144187517464,-0.03662939742207527,-0.00839037075638771,0.0,0.0,0.3519235849380493,0.08756785094738007,-0.000776846194639802,0.0,-0.00917406938970089,0.00020530703477561474
51,0,0.07330617308616638,0.10392973497688081,0,-0.20289479196071625,0.10928525775671005,-2.438685655593872,0.6727718710899353,-0.08879327028989792,-0.008873822167515755,0.21082298457622528,-0.07375053316354752,-0.24467667937278748,0.017771312966942787,-0.293948233127594,-1.2818621397018433,0.09463687986135483,-0.00016276654787361622,0.0,-0.07237447053194046,-0.03165503218770027,0.1773614138364792,-0.0018615617882460356,0.0,0.4367161691188812,-0.0036167018115520477,-0.04536541551351547,0.07902829349040985,-0.018093129619956017,-0.04349605366587639,-0.4336126446723938,-0.023563241586089134,-0.0008852644241414964,-0.031049102544784546,-0.0009715943597257137,-0.20704545080661774,-0.22168731689453125,0.0697343572974205,0.13541801273822784,0.015487290918827057,-0.0037597939372062683,-0.0006993453716859221,0.08606236428022385,0.046638764441013336,0.0,0.0,-0.15404842793941498,-0.037830106914043427,0.0010976837947964668,0.0,-0.010503660887479782,-0.00028675334760919213
219,0,0.5407386422157288,0.16471250097839196,1,-0.14295773208141327,-0.04587910696864128,-0.9088652729988098,-0.7448558807373047,-0.06460105627775192,-0.0467054583132267,0.3210374116897583,-0.0022517803590744734,-0.13409686088562012,-0.16494958102703094,-0.03240153193473816,1.1630710363388062,-0.056295063346624374,-0.0012563259806483984,0.0,-0.04819927364587784,-0.011966615915298462,0.04560408368706703,-0.00043878756696358323,0.0,0.1849721074104309,0.03274283558130264,-0.02182140201330185,0.012981120496988297,-0.006595331244170666,-0.07888560742139816,-0.47305241227149963,-0.007492599543184042,-0.005465756636112928,0.06946475803852081,0.0027492628432810307,0.1295764297246933,0.02949625253677368,0.059184204787015915,0.07699093222618103,0.015570161864161491,-0.003171372227370739,-0.0007916808826848865,-0.02903689630329609,-0.01141771487891674,0.0,0.0,-0.24141934514045715,-0.03940306231379509,0.0010976837947964668,0.0,0.05639775097370148,0.00041321275057271123
14,0,0.027409512549638748,0.09917585320026472,0,-0.3044990301132202,0.04512898623943329,-0.15186642110347748,-0.3799188435077667,0.0174085795879364,-0.024631502106785774,-0.27396202087402344,-0.32594460248947144,-0.3150322735309601,0.016404973343014717,0.4384787082672119,-2.1148061752319336,-0.2034928947687149,-0.0006194222369231284,0.0,-0.006570139899849892,-0.013029060326516628,-0.05373027175664902,-0.0018615617882460356,0.0,-0.17265824973583221,-0.0031136306934058666,-0.04544386267662048,-0.19936561584472656,-0.019191861152648926,-0.07777459919452667,0.024727309122681618,-0.0361863411962986,-0.005189495161175728,0.11567961424589157,0.003244213992729783,-0.1899598389863968,0.025441231206059456,-0.02983667515218258,-0.2835181653499603,-0.05355970934033394,-0.006587449461221695,-0.001632107887417078,0.03054533153772354,0.014129030518233776,0.0,0.0,-0.21749559044837952,-0.04748864844441414,0.0020287558436393738,0.0,-0.029061518609523773,-0.0005035400390625
357,0,0.07832395285367966,0.10446150962447717,0,0.10544440150260925,0.08413996547460556,0.24007710814476013,-0.8675956130027771,-0.09928721934556961,-0.014924454502761364,0.21149298548698425,-0.11500156670808792,-0.3020848333835602,0.021000269800424576,-0.45487552881240845,-2.4601619243621826,0.13026611506938934,0.0006159517215564847,0.0,-0.04323964565992355,-0.015823587775230408,-0.07040276378393173,-0.0018615617882460356,0.0,-0.17184193432331085,0.002554418984800577,-0.029688609763979912,0.04031446576118469,0.061519041657447815,-0.03147358074784279,0.025229210034012794,-0.031719718128442764,-0.0008852644241414964,0.17165954411029816,0.007939858362078667,-0.12111102044582367,-0.20963378250598907,0.058737024664878845,-0.3129711449146271,-0.021670538932085037,-0.0043959845788776875,-0.0006987784872762859,0.025066852569580078,0.0153507050126791,0.0,0.0,0.36982616782188416,0.0718131884932518,0.0008040647953748703,0.0,-0.011888733133673668,-0.002195959445089102
21,0,0.0747990608215332,0.10408769777624148,0,0.1182829812169075,-1.1072943210601807,0.06291226297616959,-0.9784553050994873,-0.05578499659895897,0.0014183820458129048,0.17947104573249817,0.05887634679675102,-0.15242592990398407,-0.26119616627693176,-0.3210947513580322,1.0967336893081665,-1.1476330757141113,-0.0019725419115275145,0.0,-0.07741282135248184,-0.01852520741522312,-0.018836604431271553,-0.00043878756696358323,0.0,-0.11612489074468613,-0.5190297365188599,-0.025265922769904137,0.018228739500045776,-0.015186834149062634,-0.09565715491771698,0.02371656894683838,-0.0113411545753479,-0.0010976052144542336,-0.037847794592380524,-0.0015467434423044324,-0.07048355787992477,-0.10761720687150955,0.04524524509906769,0.0694943368434906,0.00827100221067667,-0.0041451300494372845,-0.0012338635278865695,0.002864586189389229,0.01351374201476574,0.0,0.0,-0.28050875663757324,-0.05809705704450607,0.002394258975982666,0.0,-0.016852758824825287,0.00023820187197998166
176,0,0.02822842076420784,0.09925895248226208,0,0.17850039899349213,-0.4898661673069,-0.08204414695501328,0.5167818665504456,-0.037134017795324326,0.08773276209831238,0.21203318238258362,-0.10000324994325638,-0.32488033175468445,0.029627835378050804,-0.3949733078479767,-2.15376353263855,-0.829289972782135,0.00046443965402431786,0.0,0.07754097133874893,0.013828613795340061,-0.07744643837213516,-0.0018615617882460356,0.0,-0.13818848133087158,-0.0042172945104539394,-0.04036715254187584,-0.13451987504959106,-0.02006174996495247,-0.06961492449045181,0.025074495002627373,-0.036548592150211334,-0.0025211127940565348,-0.05293388292193413,-0.0011735571315512061,-0.15568070113658905,-0.13638079166412354,0.06984825432300568,-0.3228471875190735,-0.042241036891937256,-0.004343913868069649,-0.001248865039087832,-0.04621274769306183,-0.01779087446630001,0.0,0.0,-0.234760120511055,-0.053963035345077515,-0.011036399751901627,0.0,-0.01826353371143341,-0.00028675334760919213
352,0,0.07396069914102554,0.10399896442672873,0,-0.17938482761383057,-0.5699412226676941,0.19823427498340607,0.37161004543304443,-0.09197622537612915,-0.010728353634476662,0.16443443298339844,-0.08643902093172073,-0.311191201210022,0.023255983367562294,-0.5085050463676453,-2.015079975128174,-0.9724525213241577,0.0002682730264496058,0.0,0.07188393175601959,0.010939895175397396,-0.07330531626939774,-0.0018615617882460356,0.0,-0.1716974377632141,0.006947579327970743,-0.0341358408331871,-0.09652607142925262,-0.010216271504759789,-0.061440881341695786,0.032952211797237396,-0.03242068365216255,-0.0025211127940565348,-0.030566709116101265,-0.001251349924132228,-0.1450849026441574,-0.22269128262996674,0.06280104070901871,0.2098156213760376,0.024539673700928688,-0.003975170198827982,-0.0007393144187517464,0.032777395099401474,0.0153507050126791,0.0,0.0,0.49135392904281616,0.1164097860455513,-0.0061951326206326485,0.0,-0.007075242232531309,0.00020530703477561474
307,1,0.9521053433418274,0.23930329799615607,1,-0.08095177263021469,0.12114962190389633,0.4726530611515045,0.9497734308242798,0.05160541832447052,-0.01816244050860405,-0.43075135350227356,-0.6610956788063049,-0.1275104135274887,-0.0431608222424984,0.0017608648631721735,1.274068832397461,0.08204589039087296,0.0006747037405148149,0.0,-0.08838938921689987,-0.009287438355386257,-0.021261144429445267,0.0059042805805802345,0.0,0.1502322107553482,0.02922881208360195,-0.026052648201584816,0.0907023698091507,-0.014540133997797966,0.3017895817756653,0.03096270002424717,-0.00815156102180481,-0.0007941093645058572,-0.06372665613889694,-0.002332068979740143,0.08905339241027832,0.07112670689821243,0.04741352051496506,-0.20303112268447876,-0.02950831688940525,-0.006067417562007904,-0.001001789583824575,-0.02687520906329155,-0.008983931504189968,0.0,0.0,-0.14685609936714172,-0.019766513258218765,-0.0018150766845792532,0.0,-0.02687884494662285,0.00023820187197998166
337,0,0.47103381156921387,0.15411057585795543,1,-0.4024575352668762,0.1497504562139511,-0.6962203979492188,-0.869670033454895,-0.07175939530134201,-0.016244741156697273,0.2443637102842331,-0.0074897632002830505,-0.14664803445339203,0.09452425688505173,-0.14356479048728943,1.2918461561203003,0.12365280836820602,-0.0016710828058421612,0.0,-0.058446019887924194,-0.013564905151724815,-0.022403838112950325,-0.00043878756696358323,0.0,-0.12604695558547974,-0.5461209416389465,-0.028010504320263863,0.02455146610736847,-0.016010986641049385,-0.05184820666909218,0.023803312331438065,-0.012897727079689503,-0.0013263924047350883,-0.0877753421664238,-0.0032214943785220385,-0.0864662304520607,-0.11973296850919724,0.05172547698020935,-0.18627871572971344,-0.03673499822616577,0.06396590173244476,0.013903876766562462,0.0022708578035235405,0.011118629947304726,0.0,0.0,0.23423613607883453,0.034497130662202835,0.0011992338113486767,0.0,-0.014131990261375904,-0.0004611250478774309
136,0,0.026699192821979523,0.0991038231576546,0,0.06296435743570328,-0.22538645565509796,-0.20377148687839508,0.08404044061899185,0.09865919500589371,-0.010547897778451443,-0.22769282758235931,-0.27745896577835083,-0.3110472857952118,0.03454943746328354,-0.48894834518432617,-1.7255815267562866,-0.8516161441802979,-0.0019725419115275145,0.0,0.0750611424446106,0.011469908058643341,-0.1077265664935112,-0.0018615617882460356,0.0,-0.24026678502559662,-0.006194841116666794,-0.031687572598457336,-0.12847967445850372,-0.019352300092577934,-0.08080154657363892,0.022478757426142693,-0.040439873933792114,-0.0030532137025147676,0.07694889605045319,0.002683672122657299,0.123201884329319,0.017044374719262123,0.04843571409583092,-0.2923983633518219,-0.03367402404546738,-0.004048427566885948,-0.0015363076236099005,0.025767579674720764,0.014301271177828312,0.0,0.0,-0.2026948481798172,-0.03621074929833412,-0.0061951326206326485,0.0,-0.019263407215476036,1.849315594881773e-06
343,1,0.8963407874107361,0.2279683391961998,1,0.21409060060977936,0.05801282823085785,0.37151995301246643,-0.8710578083992004,-0.04791491851210594,1.290271757170558e-05,0.19714634120464325,0.11089139431715012,-0.13769134879112244,0.0437508150935173,-0.21191981434822083,1.4582091569900513,0.0949418693780899,0.001308185514062643,0.0,-0.13960860669612885,-0.028981968760490417,-0.0168929323554039,-0.00043878756696358323,0.0,-0.07310639321804047,0.04936545342206955,-0.02787654474377632,0.026332303881645203,0.04603108763694763,-0.0371665433049202,0.02490706741809845,-0.016128748655319214,-0.0077066803351044655,-0.09213282912969589,-0.005424325820058584,-0.0859239399433136,0.043726760894060135,-0.07578001916408539,-0.2316187173128128,-0.04060016945004463,-0.005413560662418604,-0.0008655370329506695,-0.004376530181616545,-0.0033882884308695793,0.0,0.0,0.2681162357330322,0.03522946685552597,0.0015877397963777184,0.0,-0.013917369768023491,0.0017233546823263168
203,0,0.20791445672512054,0.11904891298860769,0,0.2511749863624573,0.04973737522959709,0.06499394029378891,0.1760319024324417,-0.022542335093021393,-0.006839704234153032,-0.2497076541185379,0.0006239049835130572,-0.2903786599636078,0.019557736814022064,-0.12543761730194092,-2.1622657775878906,0.23901234567165375,-0.00024541994207538664,0.0,-0.1417253315448761,-0.04085482284426689,-0.04666028171777725,-0.0018615617882460356,0.0,-0.1566643863916397,-0.008453905582427979,-0.03570839762687683,0.04644370079040527,-0.05801612138748169,0.13521729409694672,0.02846410870552063,-0.028205623850226402,-0.003231944516301155,0.051758166402578354,0.0032464913092553616,-0.12713830173015594,0.020742537453770638,-0.06601792573928833,0.06150922551751137,0.00941079668700695,-0.004535861313343048,-0.0016171063762158155,-0.004536218475550413,-0.011248204857110977,0.0,0.0,-0.15924224257469177,-0.024746017530560493,0.0020287558436393738,0.0,-0.005766547285020351,-8.847072604112327e-05
278,0,0.10717321932315826,0.10756573891557575,0,-0.19059178233146667,-1.042649507522583,0.08734949678182602,-1.0344568490982056,-0.08341512829065323,0.02010846883058548,-0.2926446199417114,-0.030535433441400528,-0.15306834876537323,0.03085336834192276,-0.451791375875473,0.694561779499054,-1.188358187675476,-0.0007680736598558724,0.0,0.019307821989059448,0.004556735511869192,0.07566889375448227,-0.00043878756696358323,0.0,0.23717686533927917,0.0275582168251276,0.11050969362258911,0.016870789229869843,-0.006990775000303984,-0.12489299476146698,0.029274534434080124,0.032583512365818024,0.006978285498917103,-0.04392752796411514,-0.0015467434423044324,0.07713701575994492,0.029402723535895348,0.04016287624835968,0.07602868974208832,0.017152242362499237,-0.0054883332923054695,-0.0011346610262989998,-0.0424022376537323,-0.018469080328941345,0.0,0.0,-0.2663978934288025,-0.054409969598054886,0.002394258975982666,0.0,-0.0073933955281972885,-5.0400791224092245e-05
93,0,0.08500105142593384,0.10517286193954586,0,-0.3319724500179291,0.027163684368133545,-3.3338754177093506,0.3485569655895233,-0.08987351506948471,-0.00932780746370554,-0.37361210584640503,0.04892810806632042,-0.14037060737609863,0.019798127934336662,-0.4050786793231964,0.7872840762138367,0.5079184770584106,-0.0010540431831032038,0.0,0.015310056507587433,0.005498412065207958,-0.043844982981681824,-0.00043878756696358323,0.0,-0.08092620968818665,0.013867269270122051,-0.04602450132369995,0.08087894320487976,0.04585415869951248,-0.058873746544122696,0.02712651714682579,-0.01578516699373722,-0.0006876924308016896,-0.04039022698998451,-0.00105948094278574,-0.09664381295442581,-0.20183086395263672,0.06039860472083092,-0.11341965198516846,-0.024209044873714447,-0.006777884904295206,-0.0006097037112340331,0.018359338864684105,0.012618105858564377,0.0,0.0,-0.21467937529087067,-0.04444063827395439,0.0009775093058124185,0.0,-0.007251352071762085,1.724337926134467e-05
22,0,0.09196892380714417,0.10591974684662005,0,-0.1112276017665863,-0.9541533589363098,-0.03641103208065033,-0.9141733050346375,0.06745130568742752,0.030670978128910065,0.19087940454483032,-0.029149765148758888,-0.2300456315279007,0.025755764916539192,-0.04984159767627716,-0.35304510593414307,-1.0311031341552734,-0.0012705374974757433,0.0,-0.06828770786523819,-0.02083255723118782,-0.03114127553999424,-0.00043878756696358323,0.0,-0.1814943104982376,0.01918700709939003,-0.027136962860822678,0.012631980702280998,0.013449768535792828,-0.08595545589923859,0.027132246643304825,-0.02252701297402382,-0.004995882045477629,0.07770136743783951,0.002683672122657299,0.12820366024971008,0.028331032022833824,0.04834774509072304,0.11807731539011002,0.008326508104801178,-0.0042967721819877625,-0.0012338635278865695,0.02610432729125023,0.01028110459446907,0.0,0.0,-0.20775453746318817,-0.044219959527254105,0.0016819247975945473,0.0,-0.0019427175866439939,-0.00028675334760919213
436,0,0.13765710592269897,0.11093372435546074,0,-0.11377213150262833,0.040409673005342484,-2.3657445907592773,-0.41305744647979736,0.06849279254674911,-0.009190646931529045,0.16216504573822021,-0.07969880104064941,-0.2568191885948181,0.015119366347789764,-0.32661792635917664,-1.2065517902374268,0.8173100352287292,0.0006011527730152011,0.0,-0.04711039364337921,-0.015400737524032593,0.17183031141757965,-0.0018615617882460356,0.0,0.32877498865127563,-0.003828875720500946,-0.03895634040236473,0.05552322790026665,0.06564033031463623,-0.027162674814462662,0.02540137991309166,-0.019943252205848694,-0.0008852644241414964,-0.07408218830823898,-0.0032214943785220385,-0.13329650461673737,-0.11416492611169815,0.05220435932278633,-0.12135765701532364,-0.03194228187203407,-0.0039563607424497604,-0.00042327336268499494,0.0822674110531807,0.0434669628739357,0.0,0.0,0.30238616466522217,0.06393639743328094,0.0008040647953748703,0.0,-0.005856623407453299,-0.0025582544039934874
335,0,0.026107164099812508,0.09904382400464554,0,-0.08534860610961914,-0.48742982745170593,0.18129588663578033,-0.7762309908866882,0.037347301840782166,-0.01713595725595951,0.17438054084777832,-0.08790313452482224,-0.3192616403102875,0.01877697929739952,-0.41271883249282837,-2.0778563022613525,-0.7638763785362244,0.0016558642964810133,0.0,-0.05404413491487503,-0.02956238016486168,-0.07366347312927246,-0.0018615617882460356,0.0,-0.13314563035964966,0.005052388180047274,-0.04602699354290962,-0.09353163093328476,-0.010315303690731525,-0.05679335445165634,0.027889421209692955,-0.03647135943174362,-0.0025211127940565348,-0.05586148053407669,-0.0032214943785220385,-0.12411754578351974,-0.24324822425842285,0.05472485348582268,0.18457385897636414,0.02297828160226345,-0.004482130520045757,-0.0007393144187517464,-0.042545583099126816,-0.01558509562164545,0.0,0.0,0.3644973933696747,0.09655890613794327,-0.010130343958735466,0.0,-0.007237887475639582,-0.002195959445089102
55,0,0.036440685391426086,0.10009572900068749,0,-0.2951033115386963,-0.6317744255065918,0.005666360259056091,0.3427220284938812,0.03935105353593826,-0.0105110639706254,0.16003751754760742,0.023280737921595573,-0.3117515444755554,0.024990828707814217,-0.2107071727514267,-1.9338713884353638,-1.104995846748352,-0.00024541994207538664,0.0,0.06382964551448822,0.010908695869147778,-0.054387256503105164,-0.0018615617882460356,0.0,-0.1890796720981598,-0.0054364013485610485,-0.05239192396402359,0.031249353662133217,0.03652812913060188,-0.0783102884888649,0.033336181193590164,-0.04602859541773796,-0.0033842483535408974,0.04017985984683037,0.0023351088166236877,-0.1981566697359085,0.023649290204048157,-0.09207924455404282,0.15866927802562714,0.012673771940171719,-0.0039743962697684765,-0.0014006220735609531,-0.027514955028891563,-0.011248204857110977,0.0,0.0,-0.23349548876285553,-0.05072744935750961,-0.014785370789468288,0.0,-0.007377525791525841,1.849315594881773e-06
132,0,0.05781111866235733,0.10230267956464868,0,0.27098315954208374,0.08772465586662292,-0.8136498332023621,-0.573654294013977,-0.12086548656225204,0.12367743998765945,-0.4146833121776581,-0.08339716494083405,-0.2680527865886688,0.014856668189167976,-0.31368932127952576,-2.0028231143951416,0.03162829577922821,-0.0012711209710687399,0.0,-0.06563282012939453,-0.030820677056908607,0.21600580215454102,-0.0018615617882460356,0.0,0.32035717368125916,-0.008288856595754623,-0.04049576818943024,0.050271011888980865,-0.028490256518125534,-0.05299751088023186,-0.4204829931259155,-0.02660324238240719,-0.0008852644241414964,-0.04429853335022926,-0.0031467301305383444,0.15418381989002228,0.028247280046343803,0.06422742456197739,0.1435433030128479,0.022250259295105934,-0.004435050766915083,-0.0011346610262989998,-0.05806928128004074,-0.030315794050693512,0.0,0.0,-0.16189371049404144,-0.02215038798749447,0.0009242391679435968,0.0,-0.00936887040734291,-0.0026880197692662477
297,0,0.02119818888604641,0.09854756828754664,0,0.04621824249625206,-0.4169265925884247,-0.9026773571968079,-0.5422354936599731,0.03949723392724991,-0.05261598527431488,0.17888423800468445,-0.09546957165002823,-0.3126957416534424,0.02275649458169937,-0.44176509976387024,-1.9301625490188599,-0.7720682621002197,-0.0012990765972062945,0.0,-0.04338837414979935,-0.028877323493361473,-0.07705967873334885,-0.0018615617882460356,0.0,-0.14130933582782745,-0.00041691854130476713,0.17709606885910034,0.0340358167886734,-0.012191531248390675,-0.07138919830322266,0.029750030487775803,0.10458390414714813,0.006978285498917103,-0.04270211234688759,-0.0031797741539776325,0.16234667599201202,0.029303397983312607,0.06347159296274185,0.15261289477348328,0.02425825595855713,-0.004728762898594141,-0.001801295205950737,-0.03375539556145668,-0.012457341887056828,0.0,0.0,-0.17793327569961548,-0.04433020204305649,-0.010130343958735466,0.0,-0.012331260368227959,-0.0026880197692662477
388,0,0.9051336646080017,0.22973020303586864,1,-0.20287810266017914,0.010443107225000858,-0.8684698343276978,0.8375284671783447,-0.07828310132026672,-0.009458313696086407,0.20942425727844238,0.012998055666685104,-0.12471643835306168,0.021952806040644646,0.07802239060401917,0.8023620247840881,0.14560063183307648,-0.0016253746580332518,0.0,-0.09383263438940048,-0.012899826280772686,-0.02568769082427025,-0.00043878756696358323,0.0,-0.1255919337272644,0.025351544842123985,-0.029263129457831383,0.0819290429353714,-0.019826039671897888,0.12567023932933807,0.0251285582780838,-0.012542017735540867,-0.0013263924047350883,-0.059896670281887054,-0.0019357517594471574,0.07347403466701508,0.04139076918363571,0.05078360065817833,-0.12729033827781677,-0.02257678098976612,0.05442167818546295,0.013903876766562462,-0.007370463106781244,0.006659395061433315,0.0,0.0,0.17091576755046844,0.017337799072265625,0.0002704440848901868,0.0,-0.010552716441452503,0.000267056399025023
254,0,0.9169896245002747,0.2321209205776463,1,0.1051085889339447,0.07526777684688568,0.630956768989563,-0.4059988856315613,-0.06788872927427292,-0.010575585998594761,-0.30467289686203003,-0.015549015253782272,-0.13825763761997223,0.01921163685619831,-0.09517855942249298,1.3072601556777954,0.7244382500648499,3.281180397607386e-05,0.0,0.02108033001422882,0.005086719524115324,-0.018248461186885834,-0.00043878756696358323,0.0,-0.05332877114415169,0.03125663101673126,-0.04455277696251869,-0.2276735007762909,-0.0400255061686039,-0.04111482575535774,0.02946474775671959,-0.02235982194542885,-0.003429516451433301,-0.047216061502695084,-0.0031797741539776325,-0.0857975035905838,0.04800121858716011,-0.07545910775661469,0.09022386372089386,0.014702229760587215,-0.005697404965758324,-0.0006692338502034545,-0.02046232484281063,-0.009397482499480247,0.0,0.0,-0.2009328305721283,-0.04151464253664017,0.0016252220375463367,0.0,-0.005532662384212017,-0.002672625705599785
304,1,0.6414675712585449,0.18105658135173877,1,-0.25516098737716675,0.19308748841285706,0.6378980278968811,0.26381275057792664,0.021085307002067566,-0.005982119590044022,0.20747259259223938,0.03920399397611618,-0.27442312240600586,0.02232404239475727,-0.10601314902305603,-1.9530473947525024,0.9741985201835632,-0.0006194222369231284,0.0,0.06302967667579651,0.007501600775867701,-0.04169889912009239,-0.0018615617882460356,0.0,-0.12946003675460815,0.001736300764605403,-0.03763682022690773,0.04406503587961197,0.09097890555858612,-0.040262769907712936,0.03204590454697609,-0.0285075381398201,-0.003231944516301155,0.09228484332561493,0.002683672122657299,-0.16826771199703217,0.0438607893884182,-0.0615251250565052,-0.15572324395179749,-0.00940453540533781,-0.004059366416186094,-0.0005618901341222227,0.03889384865760803,0.014301271177828312,0.0,0.0,-0.17280541360378265,-0.03560382127761841,0.0015877397963777184,0.0,-0.010608537122607231,-8.847072604112327e-05
214,0,0.8655364513397217,0.2218712953987801,1,-0.3078260123729706,0.28559038043022156,-0.10330081731081009,0.9394452571868896,-0.07353954017162323,-0.020716171711683273,0.23377816379070282,0.02461446076631546,-0.1323743760585785,-0.08803758025169373,-0.26232364773750305,0.8640297055244446,0.2210349589586258,-0.0001997116196434945,0.0,-0.06671997159719467,-0.012118453159928322,-0.016440413892269135,-0.00043878756696358323,0.0,-0.11770224571228027,-0.5534278154373169,-0.041237231343984604,0.07909201085567474,-0.010693381540477276,-0.06568853557109833,0.03358841314911842,-0.022517835721373558,-0.0034091039560735226,0.05115118622779846,0.005718495696783066,-0.14967569708824158,0.043413031846284866,-0.08056752383708954,0.10195007920265198,0.013567660003900528,-0.006434184033423662,-0.0014006220735609531,0.006841080263257027,-0.005243668798357248,0.0,0.0,-0.14137886464595795,-0.031742606312036514,0.0020287558436393738,0.0,-0.014823226258158684,-5.0400791224092245e-05
265,0,0.04423762485384941,0.10089598260991572,0,0.043993111699819565,-0.6746172308921814,0.4205230474472046,-0.11512283980846405,0.04673784226179123,-0.009178915992379189,0.13066421449184418,-0.08497092872858047,-0.30291417241096497,0.026128262281417847,-0.5416340231895447,-1.7407995462417603,-0.7749288082122803,-0.0019725419115275145,0.0,0.04333186149597168,0.007119105197489262,-0.09976980835199356,-0.0018615617882460356,0.0,-0.23293280601501465,-0.004415224306285381,-0.048948273062705994,-0.10995163023471832,-0.007397572975605726,-0.064609594643116,0.029972821474075317,-0.04707097262144089,-0.004734329879283905,-0.03048851154744625,-0.0015467434423044324,-0.14440427720546722,-0.10777290910482407,0.060049138963222504,0.18622055649757385,0.027079051360487938,-0.004221709445118904,-0.0012338635278865695,0.029405981302261353,0.015272486954927444,0.0,0.0,-0.2160426676273346,-0.043804723769426346,0.0019500134512782097,0.0,-0.009989003650844097,-0.00028675334760919213
303,1,0.4274003803730011,0.14776233698191243,1,0.20020367205142975,-0.46672290563583374,0.507034957408905,0.6412844061851501,0.14171373844146729,-0.01142817921936512,0.21006067097187042,0.06732175499200821,-0.3009782135486603,0.03679301589727402,0.22333912551403046,-1.5240203142166138,-0.7132534384727478,-0.0005754729500040412,0.0,0.09256112575531006,0.016851358115673065,-0.04466477781534195,-0.0018615617882460356,0.0,-0.17179347574710846,-0.19966353476047516,-0.031068990007042885,0.0380791537463665,-0.019386891275644302,-0.0658017173409462,0.03290621563792229,-0.02355979196727276,-0.0008399963262490928,-0.034991148859262466,-0.0009400041308254004,-0.13034769892692566,-0.17269302904605865,0.060326579958200455,0.2021644413471222,0.020473912358283997,-0.003050432074815035,-0.0007737191626802087,0.07031498849391937,0.02599569596350193,0.0,0.0,-0.18399225175380707,-0.04754690080881119,-0.008848407305777073,0.0,-0.007331599481403828,1.849315594881773e-06
35,0,0.035846542567014694,0.10003497991037393,0,-0.08309604227542877,-0.03412661701440811,-0.6324750781059265,-0.5145852565765381,-0.09786567091941833,0.12693126499652863,0.20062510669231415,-0.09457168728113174,-0.30151718854904175,0.013588248752057552,-0.2474057972431183,-2.225192070007324,0.13244055211544037,-0.002475589048117399,0.0,0.02907802164554596,0.00770608801394701,-0.045597076416015625,-0.0018615617882460356,0.0,-0.1686386615037918,-0.006722592748701572,-0.06444001197814941,-0.2165982723236084,-0.03608468174934387,-0.04203975573182106,0.02604890987277031,-0.04187832400202751,-0.003429516451433301,0.0767623782157898,0.008007439784705639,-0.17617066204547882,0.023037943989038467,-0.08617293834686279,0.08940978348255157,0.011008867993950844,-0.00396353704854846,-0.001968053635209799,0.013909501023590565,0.011827941052615643,0.0,0.0,-0.17330466210842133,-0.03523509204387665,0.0017940865363925695,0.0,-0.010226949118077755,-0.0027783396653831005
266,0,0.10179989039897919,0.10698147649700121,0,-0.13640837371349335,-0.05122213810682297,-0.8327519297599792,0.3902567923069,-0.09375821799039841,-0.04805420711636543,0.2964027523994446,-0.0694662556052208,-0.2830464541912079,0.01370072178542614,-0.14774158596992493,-2.1524767875671387,0.11791577935218811,-0.0016073307488113642,0.0,0.02497495338320732,0.007406907621771097,-0.04641638696193695,-0.0018615617882460356,0.0,-0.2042081356048584,-0.00824322085827589,-0.04336840659379959,-0.3862975537776947,-0.03280387073755264,-0.03730543702840805,0.02486686035990715,-0.0183132141828537,-0.0008852644241414964,0.06304505467414856,0.0025123797822743654,0.160833477973938,0.038679927587509155,0.057858988642692566,0.09212630987167358,0.012536762282252312,-0.0042889416217803955,-0.001801295205950737,0.024718068540096283,0.016690365970134735,0.0,0.0,-0.15899242460727692,-0.032980259507894516,0.0010976837947964668,0.0,-0.014572369866073132,-0.0003770733892451972
153,0,0.9660952687263489,0.24220680460041705,1,0.2693624496459961,0.09136225283145905,0.10790687799453735,0.7526835799217224,-0.04201186075806618,-0.008296187035739422,-0.3537777066230774,0.05593261495232582,-0.13094587624073029,-0.2047668844461441,0.3889775276184082,1.6781253814697266,0.052558157593011856,7.852009730413556e-05,0.0,-0.06319551169872284,-0.012941427528858185,-0.01752346381545067,-0.00043878756696358323,0.0,-0.07202225178480148,0.026931025087833405,0.0852392241358757,0.09937773644924164,-0.029788034036755562,-0.05569589138031006,0.026031970977783203,0.02779407799243927,0.0031590545549988747,-0.044505927711725235,-0.00105948094278574,-0.09892383962869644,0.06286025047302246,-0.013937692157924175,-0.1558263897895813,-0.028507640585303307,-0.005247622728347778,-0.0011164260795339942,-0.004295933060348034,-0.007307593245059252,0.0,0.0,-0.24571095407009125,-0.04784379526972771,0.0020287558436393738,0.0,-0.02149317041039467,0.00023820187197998166
192,0,0.458751916885376,0.15230144962590184,1,-0.18057036399841309,-0.7199559807777405,0.10965310037136078,-0.0019327444024384022,0.03176721930503845,0.019506024196743965,-0.3232092261314392,0.007751219905912876,-0.1454779952764511,0.10505692660808563,-0.42831894755363464,1.245484709739685,-1.1044968366622925,-0.0007828687084838748,0.0,0.040334876626729965,0.0066786049865186214,0.1410045474767685,-0.00043878756696358323,0.0,0.22121785581111908,0.039649590849876404,-0.0417497381567955,0.01558171957731247,-0.003222961910068989,-0.13303148746490479,0.038035206496715546,0.03570329025387764,0.003584377933293581,0.045549601316452026,0.0032464913092553616,-0.07820388674736023,-0.1380002200603485,0.055403370410203934,0.09289700537919998,0.01892785169184208,-0.00437563844025135,-0.0011346610262989998,-0.03415673226118088,-0.011737057007849216,0.0,0.0,-0.30665913224220276,-0.058391306549310684,-0.004053142387419939,0.0,-0.008692175149917603,-5.0400791224092245e-05
418,0,0.038334451615810394,0.10028957903611266,0,0.16303662955760956,0.40000778436660767,-2.220573902130127,-0.815282940864563,-0.0053887018002569675,-0.011548059061169624,0.19739454984664917,-0.1094752624630928,-0.2955237627029419,0.02356373332440853,0.19190458953380585,-1.6982005834579468,0.3363606929779053,-0.0003340733237564564,0.0,0.04898371174931526,0.013586936518549919,-0.03832529857754707,-0.0018615617882460356,0.0,-0.15832175314426422,-0.006348710972815752,-0.022740215063095093,-0.1452505886554718,-0.02247723564505577,-0.029622593894600868,0.018515694886446,-0.02009858563542366,0.0006405315943993628,-0.0905885323882103,-0.0032214943785220385,-0.14797955751419067,-0.09912722557783127,0.0536738857626915,-0.33234021067619324,-0.06364603340625763,-0.004386769607663155,-0.0006987784872762859,0.037720758467912674,0.020213128998875618,0.0,0.0,0.27491745352745056,0.061464760452508926,0.0010976837947964668,0.0,-0.006084999535232782,-0.002195959445089102
101,0,0.10220691561698914,0.10702563592892567,0,0.03352220728993416,-0.5242842435836792,0.3555338978767395,-0.6488320231437683,-0.09872151166200638,-0.01342231035232544,0.07722486555576324,-0.10128285735845566,-0.2767940163612366,0.027220936492085457,0.3740836977958679,-1.7149676084518433,-0.9868742227554321,0.00019736759713850915,0.0,0.046959761530160904,0.008342317305505276,0.14544102549552917,-0.0018615617882460356,0.0,0.2934408485889435,0.0025441707111895084,-0.038679201155900955,0.026943041011691093,0.05086543411016464,-0.06608228385448456,0.027258925139904022,-0.037493426352739334,-0.0030979514122009277,-0.03207947313785553,-0.0015467434423044324,-0.1384500414133072,-0.21292707324028015,0.2446105182170868,0.18074339628219604,0.015072888694703579,-0.0032844729721546173,-0.0006993453716859221,-0.0857732966542244,-0.033538445830345154,0.0,0.0,-0.26922792196273804,-0.06535397469997406,-0.006905530579388142,0.0,-0.006721483077853918,-0.00028675334760919213
338,0,0.17666037380695343,0.11537726068074701,0,0.14836052060127258,0.007705263793468475,-2.969785690307617,-0.797180712223053,-0.0331772156059742,-0.0152142234146595,0.16643498837947845,-0.014723206870257854,-0.13693200051784515,0.04685107246041298,0.33642077445983887,0.9680402278900146,0.033700715750455856,-0.0006817520479671657,0.0,-0.13923271000385284,-0.02068193443119526,-0.01431240513920784,-0.00043878756696358323,0.0,-0.0807049348950386,-0.432768851518631,-0.02305724285542965,0.022661160677671432,-0.023256056010723114,-0.03503222391009331,0.022692998871207237,-0.01301028486341238,-0.0057504321448504925,0.19417136907577515,0.0148362647742033,-0.09682616591453552,0.019888876006007195,-0.015774596482515335,-0.157084658741951,-0.015580287203192711,-0.004879515152424574,-0.0008655370329506695,0.004902096930891275,0.004673671908676624,0.0,0.0,0.2139407843351364,0.02928057312965393,0.0013905526138842106,0.0,-0.013917369768023491,-0.0004611250478774309
237,0,0.2685513198375702,0.12646089992343848,0,-0.22610129415988922,0.020212652161717415,-0.2457820177078247,-0.025851301848888397,-0.02697860263288021,-0.0324651338160038,0.19643129408359528,-0.013494573533535004,-0.25627025961875916,0.012313210405409336,-0.2538592517375946,-1.9333884716033936,0.2589768171310425,0.00036151218228042126,0.0,-0.052399665117263794,-0.029642734676599503,0.129805326461792,-0.0018615617882460356,0.0,0.3535759747028351,0.00014228641521185637,-0.06259525567293167,0.09561733901500702,0.08997433632612228,-0.04460398480296135,0.030601100996136665,-0.03274111449718475,-0.003231944516301155,0.057600997388362885,0.001949560595676303,-0.1706051528453827,0.03709689527750015,-0.08628746122121811,0.03810185194015503,0.002693793037906289,-0.004372991621494293,-0.001893680077046156,0.06867552548646927,0.040548648685216904,0.0,0.0,-0.17119179666042328,-0.033887505531311035,0.0015877397963777184,0.0,-0.014897729270160198,-8.847072604112327e-05
381,0,0.011080616153776646,0.09753174939766504,0,-0.34184497594833374,-0.8112627267837524,-1.6812061071395874,-0.6309341788291931,-0.004983501974493265,-0.01339096948504448,0.17908193171024323,-0.0559656135737896,-0.24870149791240692,0.015522102825343609,-0.4003475308418274,-0.6543297171592712,-0.7975065112113953,0.0007058392511680722,0.0,0.021304676309227943,0.006335183046758175,-0.05064080283045769,-0.00043878756696358323,0.0,-0.11341287940740585,0.01712915673851967,-0.03746572881937027,0.026109198108315468,0.021661560982465744,-0.0579451359808445,0.024541962891817093,-0.02664550207555294,-0.0025211127940565348,-0.0906398668885231,-0.0032214943785220385,-0.1231427863240242,-0.13478979468345642,0.04653839394450188,-0.23661735653877258,-0.03822905942797661,-0.005520191043615341,-0.0006987784872762859,-0.030864352360367775,-0.009763320907950401,0.0,0.0,0.38843169808387756,0.09213653206825256,0.0012376790400594473,0.0,-0.013166476972401142,-0.002195959445089102
216,0,0.5761087536811829,0.17031241760767935,1,-0.16803209483623505,0.09671526402235031,0.5710498094558716,-0.4567406177520752,-0.09870361536741257,-0.010872536338865757,0.1794748604297638,-0.0691758468747139,-0.20542410016059875,0.009908660314977169,-0.20671521127223969,-0.5288046002388,0.8531397581100464,-0.0010071008000522852,0.0,0.024106478318572044,0.006517685484141111,-0.02801470085978508,-0.00043878756696358323,0.0,-0.103155717253685,0.021736621856689453,-0.05252750590443611,0.04382132738828659,-0.0267627015709877,-0.03997493162751198,-0.45976704359054565,-0.024170471355319023,-0.003429516451433301,-0.04300250485539436,-0.0031467301305383444,-0.15028004348278046,0.04711820185184479,-0.08307527005672455,0.09231463819742203,0.014417856931686401,-0.0044837165623903275,-0.0006024260655976832,0.024929311126470566,0.012318111956119537,0.0,0.0,-0.16345323622226715,-0.03843846917152405,0.0020287558436393738,0.0,-0.006041324231773615,-0.0027783396653831005
331,0,0.31419888138771057,0.1322980619579378,1,-0.2057868242263794,-0.8392251133918762,0.5217036604881287,0.08979187160730362,-0.08235225081443787,-0.010728353634476662,-0.3240773379802704,0.06535711139440536,-0.21981464326381683,0.023963861167430878,-0.5736903548240662,0.09517863392829895,-0.8735349178314209,0.0016558642964810133,0.0,-0.09316283464431763,-0.016742955893278122,-0.058909643441438675,-0.00043878756696358323,0.0,-0.09270943701267242,0.030358992516994476,0.11489253491163254,0.018248582258820534,-0.005456055048853159,-0.10552389174699783,0.036439456045627594,-0.024398455396294594,-0.0008399963262490928,-0.04470520466566086,-0.001251349924132228,-0.07205328345298767,-0.24941062927246094,0.05142362415790558,0.14195586740970612,0.018697578459978104,-0.0059732976369559765,-0.0008774719317443669,-0.029354169964790344,-0.009763320907950401,0.0,0.0,0.5471733212471008,0.11969757080078125,0.002394258975982666,0.0,-0.007183071691542864,0.002228743862360716
73,0,0.022794222459197044,0.09870867028230033,0,-0.13625316321849823,-0.4945392310619354,0.054555781185626984,-0.5399507284164429,0.018821442499756813,-0.013998836278915405,-0.2942226529121399,-0.07782631367444992,-0.29349377751350403,0.01868237927556038,-0.49847397208213806,-1.7436738014221191,-0.8384164571762085,-0.0007828687084838748,0.0,0.016610082238912582,0.007409368641674519,-0.08253072202205658,0.025048982352018356,0.0,0.40876027941703796,-0.0037140152417123318,-0.05148205906152725,0.034032925963401794,-0.01161154918372631,-0.08610734343528748,-0.44838643074035645,-0.03419627249240875,-0.0025211127940565348,-0.04397919028997421,-0.0031467301305383444,0.16199809312820435,0.029699930921196938,0.06705954670906067,0.1536587029695511,0.024131029844284058,-0.0043029095977544785,-0.0011346610262989998,-0.0693153515458107,-0.03152493014931679,0.0,0.0,-0.19692441821098328,-0.04340062290430069,-0.010657248087227345,0.0,-0.0056445724330842495,-0.0026880197692662477
415,0,0.2615707218647003,0.12558792992204768,0,0.004484319128096104,0.12069490551948547,-0.1717618703842163,-0.8878905177116394,-0.09485232084989548,0.02142423577606678,0.14799684286117554,0.6421202421188354,-0.2256128191947937,0.018749140202999115,-0.26329806447029114,-1.2221158742904663,0.13819526135921478,0.0002682730264496058,0.0,0.030042843893170357,0.008134915493428707,-0.02521015703678131,-0.00028199789812788367,0.0,-0.11188306659460068,0.0165814571082592,-0.033942434936761856,-0.1319654881954193,-0.03121841698884964,-0.030940204858779907,0.02383974939584732,-0.04090820997953415,-0.005904285702854395,-0.09012781828641891,-0.0032214943785220385,-0.11283258348703384,0.039791639894247055,-0.06724932789802551,-0.3135823607444763,-0.045572198927402496,-0.005750947166234255,-0.0008655370329506695,0.016437022015452385,0.005496898666024208,0.0,0.0,0.25246110558509827,0.050150975584983826,0.0013905526138842106,0.0,0.04932178184390068,0.005345000419765711
355,0,0.02710273303091526,0.09914473847887001,0,0.18400168418884277,-0.3737567067146301,-0.1350930780172348,-0.8358854651451111,0.13052169978618622,-0.01493737194687128,0.15292729437351227,0.04532962292432785,-0.32345589995384216,0.02430979534983635,-0.42400580644607544,-1.8882718086242676,-0.8463516235351562,-0.0006311702891252935,0.0,0.0380212627351284,0.011562605388462543,-0.07383468747138977,-0.0018615617882460356,0.0,-0.1940864771604538,-0.17844253778457642,-0.02631443366408348,0.03457638993859291,-0.02261059358716011,-0.04782490059733391,0.021831754595041275,0.0897487923502922,0.0018848576582968235,-0.06891920417547226,-0.0014048903249204159,-0.11465587466955185,-0.1277269721031189,0.05817735195159912,-0.267473965883255,-0.03794518858194351,-0.0037879860028624535,-0.0011589229106903076,-0.014724222011864185,-0.01558509562164545,0.0,0.0,0.28048568964004517,0.06583069264888763,-0.01156330294907093,0.0,0.045747432857751846,0.00046713207848370075
107,0,0.011751193553209305,0.09759878633498871,0,-0.19793957471847534,-0.5557864904403687,-0.10688493400812149,0.14343829452991486,-0.10714925825595856,0.05044124647974968,-0.2739548981189728,-0.08379660546779633,-0.31983682513237,0.024116793647408485,-0.6117575168609619,-1.8725833892822266,-0.9922510981559753,0.00046443965402431786,0.0,0.059305012226104736,0.010524347424507141,-0.0819428339600563,-0.0018615617882460356,0.0,-0.12402597069740295,0.0002430698659736663,-0.04773185774683952,-0.09762950241565704,-0.011928863823413849,-0.1043832078576088,0.03144898638129234,-0.03649211674928665,-0.0025211127940565348,0.058891188353300095,0.0032464913092553616,-0.13101758062839508,-0.17062535881996155,0.060476817190647125,0.1675245612859726,0.014161641709506512,-0.004998738411813974,-0.0021442752331495285,-0.04217280074954033,-0.012359975837171078,0.0,0.0,-0.27097198367118835,-0.05840001627802849,-0.0061951326206326485,0.0,-0.012874027714133263,-0.00028675334760919213
104,0,0.6798390746116638,0.18760654201007604,1,0.21044884622097015,-0.05044696480035782,0.05780705064535141,0.6166123747825623,-0.010160310193896294,-0.008686123415827751,0.17199131846427917,-0.05443652346730232,-0.23815205693244934,0.019203120842576027,0.4115358591079712,-2.1069862842559814,0.01388582494109869,-0.001006402657367289,0.0,0.03933039680123329,0.00601255614310503,0.13158370554447174,-0.0018615617882460356,0.0,0.5548795461654663,-0.00783589482307434,-0.028053035959601402,0.09784670174121857,-0.042360857129096985,-0.026502229273319244,-0.38665664196014404,-0.02774076908826828,-0.0008852644241414964,0.07728701829910278,0.0022153451573103666,0.19101129472255707,0.03907464072108269,0.18412403762340546,-0.25083357095718384,-0.023410368710756302,-0.002793979598209262,-0.0007511449512094259,0.06146479770541191,0.043021976947784424,0.0,0.0,-0.15820300579071045,-0.025277739390730858,0.0022888672538101673,0.0,-0.011506686918437481,-0.00028675334760919213
171,0,0.08758189529180527,0.10544895865609284,0,-0.1914176642894745,0.11657863110303879,-0.42593950033187866,0.6733282804489136,-0.07415160536766052,0.032639481127262115,-0.37605056166648865,-0.06095873937010765,-0.26581594347953796,0.013476107269525528,-0.10257930308580399,-2.009580135345459,0.09215589612722397,0.00028702523559331894,0.0,-0.03157959133386612,-0.015041356906294823,0.16283878684043884,-0.0018615617882460356,0.0,0.33849504590034485,0.0006648220587521791,-0.04544087499380112,0.08258035778999329,-0.016803627833724022,-0.062139563262462616,-0.3990391790866852,-0.019020523875951767,-0.0008852644241414964,0.11182225495576859,0.0022153451573103666,-0.15822800993919373,-0.3580158054828644,0.042752061039209366,-0.24948187172412872,-0.0276417788118124,-0.004704019986093044,-0.001001789583824575,-0.08181335777044296,-0.0359402671456337,0.0,0.0,-0.22620655596256256,-0.04233047738671303,0.0010976837947964668,0.0,-0.016741100698709488,-0.00028675334760919213
151,0,0.04323003441095352,0.1007922479753901,0,0.19477282464504242,-0.7617794275283813,0.02684394083917141,-0.5509586930274963,-0.05453740805387497,-0.012756354175508022,0.08151015639305115,-0.07875286042690277,-0.24105586111545563,0.027335625141859055,-0.03247290477156639,-0.5333202481269836,-1.1289279460906982,-0.00024541994207538664,0.0,-0.057416003197431564,-0.017716070637106895,-0.03358928859233856,-0.00043878756696358323,0.0,-0.14757318794727325,0.011880162172019482,-0.037997614592313766,-0.0649956613779068,-0.021919412538409233,-0.07476725429296494,0.024350013583898544,-0.02839679643511772,-0.005065364763140678,-0.057882875204086304,-0.0015467434423044324,-0.11702432483434677,0.020687038078904152,-0.05717242509126663,-0.23900486528873444,-0.03439434617757797,-0.00498658511787653,-0.0013600860256701708,-0.006175011396408081,-0.009963296353816986,0.0,0.0,-0.2686181366443634,-0.05543937161564827,-0.020171144977211952,0.0,-0.011938841082155704,-0.00028675334760919213
162,0,0.14110223948955536,0.11132010816286068,0,-0.4359714090824127,-0.667728066444397,0.2623423933982849,-0.9102684259414673,-0.0794142633676529,0.017739349976181984,-0.20126503705978394,-0.05013751611113548,-0.15615439414978027,-0.11912564188241959,-0.2018558233976364,0.5286981463432312,-1.021195411682129,-0.0009631514549255371,0.0,-0.06120425835251808,-0.012702107429504395,-0.021238412708044052,-0.00043878756696358323,0.0,-0.064801424741745,0.0298985093832016,-0.02495756559073925,0.010374946519732475,-0.013010801747441292,0.5337983965873718,0.02392868511378765,-0.007704460993409157,-0.001400932902470231,0.14515282213687897,0.009933385998010635,-0.0911121666431427,-0.21590107679367065,0.03771544620394707,-0.1487528532743454,-0.017637070268392563,-0.006239272654056549,-0.0010761632584035397,0.019853293895721436,0.01126767136156559,0.0,0.0,-0.21211425960063934,-0.04430118948221207,-0.0061951326206326485,0.0,0.07134504616260529,0.00041321275057271123
189,0,0.30394309759140015,0.13096703551279312,1,0.13309051096439362,-0.9986709952354431,-0.13033463060855865,0.983181357383728,-0.046858470886945724,-0.013345490209758282,-0.39232930541038513,-0.012156698852777481,-0.1485147625207901,-0.1384604573249817,-0.4649667739868164,0.7642212510108948,-0.975773274898529,-0.000917443074285984,0.0,-0.07653794437646866,-0.018140139058232307,-0.04304187372326851,-0.00043878756696358323,0.0,-0.07711494714021683,0.04001995921134949,-0.0308390986174345,0.07700052112340927,-0.014786223880946636,-0.11612415313720703,-0.40572479367256165,-0.010422952473163605,-0.001400932902470231,-0.03829872980713844,-0.001331976498477161,0.11310261487960815,0.06110303848981857,0.06534825265407562,0.0825839564204216,0.011203240603208542,-0.00568727869540453,-0.001116699306294322,0.016689181327819824,0.006437381729483604,0.0,0.0,-0.24477757513523102,-0.04602011293172836,0.0019500134512782097,0.0,-0.016580330207943916,-5.0400791224092245e-05
402,0,0.11087023466825485,0.10796935739485558,0,0.008666958659887314,-0.7814962267875671,-0.02517099678516388,-0.7854110598564148,-0.10249992460012436,0.08344335108995438,0.12305908650159836,0.8543526530265808,-0.2691936492919922,0.02254495769739151,0.0952436551451683,-1.9233704805374146,-0.7504563331604004,0.00036482789437286556,0.0,0.032951924949884415,0.009503166191279888,-0.037599995732307434,-0.0007235539378598332,0.0,-0.13850153982639313,0.00524511793628335,-0.042646605521440506,-0.1500641405582428,-0.024581871926784515,-0.048963770270347595,0.02343439683318138,-0.04123729467391968,-0.007540133781731129,-0.051554787904024124,-0.0032214943785220385,-0.09469933807849884,0.03276378661394119,-0.06882724165916443,0.1360713392496109,0.023052707314491272,-0.0047043077647686005,-0.0019336489494889975,0.031570252031087875,0.006275109015405178,0.0,0.0,0.3478252589702606,0.07836327701807022,0.00445298058912158,0.0,0.06174522638320923,0.005345000419765711
54,0,0.1003560870885849,0.10682496310694596,0,-0.1325634866952896,-0.827445387840271,0.26257339119911194,-1.094689130783081,-0.08721042424440384,-0.014700387604534626,0.18850646913051605,-0.050119876861572266,-0.15076902508735657,-0.12034978717565536,-0.580773651599884,0.5499724745750427,-1.2253614664077759,7.676114910282195e-05,0.0,-0.07502876967191696,-0.013120398856699467,-0.043355781584978104,-0.00043878756696358323,0.0,-0.05206776782870293,0.041668061167001724,-0.02442290633916855,0.0059412396512925625,0.011648419313132763,-0.12396605312824249,0.030024806037545204,-0.013195023871958256,-0.001400932902470231,0.08734539896249771,0.009933385998010635,0.11058232188224792,0.051745206117630005,0.056555844843387604,0.10660599172115326,0.001786074019037187,-0.003943874500691891,-0.0007737191626802087,-0.011064660735428333,-0.005243668798357248,0.0,0.0,-0.2683446407318115,-0.055186718702316284,-0.005486101843416691,0.0,-0.013406392186880112,-5.0400791224092245e-05
191,0,0.009435256011784077,0.09736743841078263,0,-0.4102950096130371,0.0571681447327137,-2.1445672512054443,0.025394584983587265,-0.06326844543218613,-0.009106800891458988,-0.3690699636936188,0.020724618807435036,-0.30895236134529114,0.028030939400196075,-0.37372609972953796,-1.4630244970321655,0.10746452212333679,-0.0010997515637427568,0.0,0.06612999737262726,0.009525932371616364,-0.06964211165904999,-0.0018615617882460356,0.0,-0.16482476890087128,-0.010786119848489761,-0.03645119071006775,0.03194265440106392,0.048768144100904465,-0.06814869493246078,0.028769252821803093,-0.031851474195718765,-0.0006876924308016896,-0.0485786534845829,-0.0015467434423044324,-0.15975217521190643,-0.1061631366610527,0.054303329437971115,-0.3138909339904785,-0.04108409211039543,-0.005860577803105116,-0.0010761632584035397,0.04169260337948799,0.01791805773973465,0.0,0.0,-0.20871184766292572,-0.04841626062989235,0.0009775093058124185,0.0,-0.016434483230113983,1.849315594881773e-06
60,0,0.43158668279647827,0.1483619018908664,1,-0.2022523730993271,-0.7285800576210022,-0.2563598155975342,-0.05599990859627724,0.06240212917327881,-0.011779876425862312,0.21382327377796173,-0.014763004146516323,-0.15135906636714935,0.03753545507788658,0.04744763672351837,1.1087920665740967,-0.9440732598304749,-0.0009631514549255371,0.0,-0.07929360866546631,-0.017936132848262787,-0.016886543482542038,-0.00043878756696358323,0.0,-0.07763791084289551,0.04703717678785324,-0.043478187173604965,0.01100187748670578,0.005810110829770565,-0.10657022148370743,0.03608573228120804,0.0348890945315361,0.006978285498917103,-0.05210588872432709,-0.0015467434423044324,-0.09741245210170746,-0.2209552526473999,0.05198976770043373,0.12899447977542877,0.021134253591299057,-0.00481076305732131,-0.0007737191626802087,0.047644488513469696,0.020695745944976807,0.0,0.0,-0.2785472273826599,-0.0647905170917511,-0.006706417538225651,0.0,-0.0078119756653904915,-5.0400791224092245e-05
168,0,0.2834749221801758,0.12834460809504147,0,-0.15209180116653442,-0.83884596824646,0.0387011393904686,-0.20673291385173798,-0.11236051470041275,-0.028469638898968697,0.19397231936454773,-0.014758987352252007,-0.15183988213539124,-0.09543617069721222,-0.0901690199971199,1.0036674737930298,-1.1704140901565552,0.0004204903671052307,0.0,0.08249025791883469,0.008093118667602539,-0.018236741423606873,-0.00043878756696358323,0.0,-0.053779590874910355,0.045922912657260895,-0.047854796051979065,-0.06060029938817024,-0.011962884105741978,-0.11794421821832657,0.03446688875555992,-0.020519539713859558,-0.003945184871554375,0.07761912792921066,0.009933385998010635,-0.12908565998077393,0.03199058771133423,-0.08862960338592529,0.07809443026781082,0.005980478599667549,-0.004505456425249577,-0.001968053635209799,-0.010564634576439857,-0.005243668798357248,0.0,0.0,-0.28360992670059204,-0.06694944202899933,-0.020171144977211952,0.0,-0.017703864723443985,-5.0400791224092245e-05
427,0,0.06841199845075607,0.10341336657707544,0,-0.1802857667207718,-0.5668690204620361,0.5196927785873413,-0.4763208329677582,-0.08162499964237213,-0.010892141610383987,0.12857140600681305,-0.10160413384437561,-0.3130797743797302,0.02171151340007782,-0.5131613612174988,-1.786206603050232,-0.7413345575332642,0.0006159517215564847,0.0,-0.08834774047136307,-0.030310461297631264,-0.07651283591985703,-0.0018615617882460356,0.0,-0.1675482988357544,0.005243467632681131,-0.02867121621966362,0.018312785774469376,0.018727781251072884,-0.061167266219854355,0.028725676238536835,-0.0325099416077137,-0.0025211127940565348,0.07005269825458527,0.0029705881606787443,-0.11732680350542068,-0.2346252053976059,0.05564023554325104,0.15608693659305573,0.006447242572903633,-0.004030297044664621,-0.0007393144187517464,0.027854343876242638,0.017961468547582626,0.0,0.0,0.5364491939544678,0.12242338061332703,-0.010854272171854973,0.0,-0.00687066838145256,0.00020530703477561474
45,0,0.1299167424440384,0.1100698947823654,0,0.01525476761162281,-0.01709519699215889,0.36033108830451965,-0.5785490870475769,0.03260074555873871,-0.010872536338865757,0.2461063712835312,-0.07238587737083435,-0.27337270975112915,0.012566902674734592,-0.23152144253253937,-2.2450695037841797,0.039774004369974136,0.00024131694226525724,0.0,-0.026553364470601082,-0.012263648211956024,0.1344078630208969,-0.0018615617882460356,0.0,0.2603786587715149,0.0035607866011559963,-0.03644188866019249,-0.21517017483711243,-0.029732974246144295,-0.03300044685602188,0.02490818500518799,-0.02328764833509922,-0.0008852644241414964,-0.08713759481906891,-0.003293850226327777,0.16745521128177643,0.05860287323594093,0.04368847608566284,-0.3275478184223175,-0.04638534039258957,0.05228719860315323,0.008826378732919693,-0.08608797192573547,-0.03482849523425102,0.0,0.0,-0.20061707496643066,-0.03672550618648529,0.0010257891844958067,0.0,-0.016576571390032768,-0.0026880197692662477
382,1,0.8212447166442871,0.21331064314471604,1,0.2339310497045517,0.17386947572231293,0.3550574779510498,0.5970611572265625,-0.016079086810350418,-0.009693597443401814,0.15160389244556427,-0.04415273293852806,-0.21604225039482117,0.018085574731230736,-0.34196868538856506,-1.0453236103057861,0.1557103395462036,0.0015184496296569705,0.0,-0.05405488982796669,-0.022813251242041588,-0.03881068155169487,-0.00043878756696358323,0.0,0.31659284234046936,0.016992099583148956,-0.03379826247692108,-0.3831905424594879,-0.019799618050456047,-0.03001060150563717,0.03251279518008232,-0.02520223706960678,-0.003429516451433301,0.08793167024850845,0.0024447981268167496,-0.1194714829325676,0.061456259340047836,-0.07626184821128845,0.16026578843593597,0.00886224489659071,-0.004035301506519318,-0.0008316992316395044,-0.03774962201714516,-0.01863860711455345,0.0,0.0,0.35097751021385193,0.06052611023187637,0.0020287558436393738,0.0,-0.0072742635384202,0.00020530703477561474
209,0,0.17942211031913757,0.11569769464082894,0,-0.08181732147932053,-0.044173773378133774,-0.17370721697807312,-0.021265340968966484,0.02442086674273014,-0.02327246591448784,-0.3756817877292633,-0.07144372910261154,-0.27300772070884705,0.016059434041380882,0.3920755386352539,-2.052419662475586,0.026134908199310303,0.0005850461311638355,0.0,0.05110761523246765,0.007042137905955315,0.12760072946548462,-0.0018615617882460356,0.0,0.2483772486448288,0.0003501655883155763,-0.034582965075969696,-0.14203757047653198,-0.025696922093629837,-0.048787202686071396,0.02877475880086422,0.08830246329307556,0.002512062434107065,-0.05498490110039711,-0.0015467434423044324,0.16623637080192566,0.03621087223291397,0.16958296298980713,-0.32282793521881104,-0.05233731120824814,-0.00558478245511651,-0.0015174713917076588,-0.0760393962264061,-0.030315794050693512,0.0,0.0,-0.21349717676639557,-0.04344181343913078,0.0018853330984711647,0.0,-0.021632816642522812,-0.00028675334760919213
386,0,0.15665720403194427,0.1130793372418567,0,-0.10191716253757477,-0.1341230869293213,-0.8739438652992249,0.44059044122695923,0.049772195518016815,-0.0079270638525486,0.1991921067237854,-0.06654898077249527,-0.2484235018491745,0.013379943557083607,-0.4010907709598541,-2.133394718170166,0.18943250179290771,-0.00042090623173862696,0.0,0.018594160676002502,0.004449279047548771,-0.09668457508087158,0.025048982352018356,0.0,0.48177671432495117,-0.0072357733733952045,-0.037442903965711594,-0.4313458502292633,-0.027572760358452797,-0.02663763239979744,0.02396700531244278,-0.03718766197562218,-0.003098482033237815,-0.045677512884140015,-0.0009871252113953233,0.14522796869277954,0.034370359033346176,0.06591282039880753,-0.18163777887821198,-0.037805426865816116,-0.0037692005280405283,-0.0007167402072809637,-0.04716305062174797,-0.028110016137361526,0.0,0.0,0.277444452047348,0.048822689801454544,0.0009242391679435968,0.0,-0.007440011482685804,-0.00015698812785558403
396,1,0.9860695600509644,0.2463936843053601,1,0.2794702351093292,0.13494016230106354,0.6696497201919556,0.2050430178642273,-0.03685711324214935,-0.008209631778299809,-0.28889384865760803,0.08691218495368958,-0.12766033411026,-0.1647019386291504,-0.14202377200126648,1.704763412475586,0.23716062307357788,0.0002682730264496058,0.0,-0.10157176852226257,-0.027195660397410393,-0.017858460545539856,-0.00043878756696358323,0.0,-0.06750983744859695,0.033490683883428574,0.1024412214756012,0.03615454584360123,-0.03043467551469803,-0.038471195846796036,0.03268205747008324,0.03958740457892418,0.010486625134944916,-0.030409585684537888,-0.0011012014001607895,-0.06579958647489548,0.04298703372478485,-0.080864317715168,0.09500586241483688,0.01086658425629139,-0.004760332405567169,-0.0009177346946671605,-0.006254947278648615,0.006460580974817276,0.0,0.0,0.4021393656730652,0.09025019407272339,0.0020287558436393738,0.0,-0.008002962917089462,0.0005556590622290969
207,0,0.15961024165153503,0.11341604615008186,0,0.25304698944091797,0.1339697539806366,0.0976325124502182,0.4284064471721649,-0.01127130538225174,-0.009106800891458988,0.22679738700389862,-0.09659498184919357,-0.29529082775115967,0.024659572169184685,-0.37258121371269226,-2.046239137649536,0.16646583378314972,7.676114910282195e-05,0.0,0.08940482139587402,0.015852944925427437,-0.06157475709915161,-0.0018615617882460356,0.0,-0.12608635425567627,-0.17779287695884705,-0.029207579791545868,0.036811672151088715,-0.02938375249505043,-0.03812339901924133,0.02676565945148468,-0.03224486857652664,-0.0008852644241414964,-0.05675271525979042,-0.0011735571315512061,-0.1709197610616684,-0.188276469707489,0.07211408764123917,-0.38746377825737,-0.04595494270324707,-0.004050409886986017,-0.0007331832312047482,-0.044059868901968,-0.014470856636762619,0.0,0.0,-0.21867716312408447,-0.04432494565844536,0.0010976837947964668,0.0,-0.015085172839462757,-0.00028675334760919213
365,1,0.8298187851905823,0.21494884467438152,1,0.26186585426330566,0.048216115683317184,0.42939215898513794,-0.7868537902832031,0.08226334303617477,0.009792794473469257,-0.481393963098526,-0.5713045597076416,-0.14573687314987183,0.05074092000722885,-0.1665354073047638,0.9725133180618286,0.14710602164268494,-0.013757026754319668,0.0,0.1837502419948578,0.021047156304121017,-0.022605564445257187,-0.00043878756696358323,0.0,-0.06336116790771484,0.02651747688651085,-0.014535577967762947,0.03881709277629852,0.07863783091306686,-0.0534854456782341,0.017568333074450493,-0.007995687425136566,-0.0007941093645058572,-0.08844558894634247,-0.003607721533626318,0.07483383268117905,0.042557667940855026,0.047239962965250015,-0.18040889501571655,-0.03247798606753349,-0.00557590089738369,-0.0008369360002689064,-0.01464159693568945,-0.005571507383137941,0.0,0.0,0.3130521774291992,0.04041065275669098,0.0009775093058124185,0.0,0.07361683994531631,-0.00245124869979918
56,0,0.011366277933120728,0.09756030169122246,0,-0.1128825917840004,-0.6604986190795898,-0.03131416440010071,-0.20939089357852936,-0.06490965932607651,0.02857227623462677,-0.3395631015300751,-0.06402413547039032,-0.3242494463920593,0.022660261020064354,-0.5419529676437378,-2.0281012058258057,-0.6796325445175171,-0.0002306249225512147,0.0,0.025655148550868034,0.004798786249011755,-0.0838170126080513,-0.0018615617882460356,0.0,-0.18173283338546753,-0.004224737640470266,-0.03674231469631195,-0.11295570433139801,-0.011783513240516186,-0.08407967537641525,0.0258612260222435,-0.03281885012984276,-0.0025211127940565348,0.0862993448972702,0.0032464913092553616,0.1456417292356491,0.025741182267665863,0.043299730867147446,-0.27787578105926514,-0.03603171557188034,0.05945207551121712,0.01942560449242592,-0.02572537399828434,-0.008963382802903652,0.0,0.0,-0.22433410584926605,-0.04612815007567406,0.002495808992534876,0.0,-0.016432326287031174,-0.00028675334760919213
253,0,0.015062246471643448,0.09793039160024915,0,-0.0059013087302446365,-0.8540939688682556,-0.6655025482177734,0.5246153473854065,-0.055460602045059204,0.13049013912677765,0.1446148008108139,-0.07087115198373795,-0.31381839513778687,0.023055139929056168,-0.1759156882762909,-2.2362759113311768,-0.7847329378128052,-0.0005822131643071771,0.0,0.0258069708943367,0.007691728416830301,-0.05042983591556549,-0.0018615617882460356,0.0,-0.1884121596813202,-0.0065778205171227455,-0.05734638124704361,-0.3773179352283478,-0.01744995266199112,-0.059768594801425934,0.025720413774251938,-0.04290517419576645,-0.005065364763140678,-0.021610215306282043,-0.00105948094278574,-0.15747754275798798,0.034745607525110245,-0.06740908324718475,0.14134138822555542,0.01697198674082756,-0.004661296494305134,-0.001968053635209799,-0.028975946828722954,-0.011074263602495193,0.0,0.0,-0.21250642836093903,-0.05281477048993111,0.00445298058912158,0.0,-0.01600152999162674,-0.00028675334760919213
82,0,0.04025134816765785,0.10048613637833233,0,-0.3211498260498047,0.09582485258579254,-0.999973475933075,-0.8035171031951904,-0.06275446712970734,-0.04837324470281601,0.20366309583187103,-0.09459888190031052,-0.2922516465187073,0.020768500864505768,-0.5936851501464844,-1.7663605213165283,-0.052473653107881546,-0.0023241941817104816,0.0,0.04949312284588814,0.007821532897651196,-0.07507245242595673,-0.0018615617882460356,0.0,-0.1875307708978653,-0.007374246139079332,-0.03064780682325363,0.023550063371658325,-0.015743419528007507,0.20243452489376068,0.02700219117105007,-0.0308399461209774,-0.006585936062037945,0.051797568798065186,0.0032464913092553616,0.1759653240442276,0.024394040927290916,0.060831956565380096,0.18786120414733887,0.021823382005095482,-0.004862139467149973,-0.001801295205950737,0.026675421744585037,0.014129030518233776,0.0,0.0,-0.197846919298172,-0.04201960563659668,0.0010976837947964668,0.0,-0.016215024515986443,-0.00028675334760919213
2,0,0.2866460978984833,0.12874795438415157,0,0.2866728901863098,0.18676505982875824,-0.1094464361667633,0.5550885200500488,-0.029980182647705078,-0.03516719490289688,0.17716284096240997,-0.010862545110285282,-0.28050345182418823,0.01720588095486164,-0.3424966335296631,-2.084463119506836,0.1621563583612442,0.0004661986604332924,0.0,-0.07098869234323502,-0.031143737956881523,-0.03912690281867981,-0.0018615617882460356,0.0,-0.16312672197818756,-0.15751934051513672,-0.04565504938364029,0.10729250311851501,-0.029421783983707428,-0.038588862866163254,0.03044169582426548,-0.02880816161632538,-0.003231944516301155,-0.022871388122439384,-0.00105948094278574,-0.1780458241701126,0.04372082278132439,-0.07497112452983856,0.16160795092582703,0.020339636132121086,0.05800727754831314,0.023194987326860428,-0.023028314113616943,-0.011248204857110977,0.0,0.0,-0.1699810028076172,-0.03139115497469902,0.0021303058601915836,0.0,-0.015235794708132744,1.849315594881773e-06
411,0,0.3229914903640747,0.1334483049127356,1,-0.14927397668361664,-0.5966021418571472,0.5544348359107971,-0.9187870025634766,-0.10637698322534561,-0.01730494014918804,0.13158148527145386,-0.07789330184459686,-0.21568232774734497,0.018272260203957558,-0.05046118423342705,-0.07258692383766174,-0.9562957882881165,0.001308185514062643,0.0,0.01270681619644165,0.005235147662460804,-0.033247098326683044,-0.00043878756696358323,0.0,-0.09906361252069473,0.034909479320049286,-0.052366871386766434,0.011515432968735695,0.01847645826637745,-0.07577579468488693,0.03272530436515808,0.08887620270252228,0.015229029580950737,-0.0621454119682312,-0.0032214943785220385,-0.12260210514068604,0.054551947861909866,-0.07900463044643402,0.1408090740442276,0.020731091499328613,-0.004826751071959734,-0.0009060729644261301,-0.015778923407197,-0.007757517974823713,0.0,0.0,0.4566802680492401,0.11306192725896835,-0.014785370789468288,0.0,-0.003757261438295245,-0.0004611250478774309
259,0,0.06231411173939705,0.10277317504710802,0,-0.16899627447128296,-0.8189404606819153,0.4236331880092621,0.2716102600097656,0.03769112005829811,-0.0073258294723927975,-0.349962055683136,-0.3428555428981781,-0.30843988060951233,0.029468972235918045,-0.29119282960891724,-1.67284095287323,-0.8499507308006287,-0.0009631514549255371,0.0,0.058665525168180466,0.011030178517103195,-0.06236552447080612,-0.0018615617882460356,0.0,-0.1725309044122696,0.005442890804260969,-0.04240569472312927,0.032627493143081665,0.02210882119834423,-0.1013324037194252,0.028939325362443924,-0.018733343109488487,-0.0008399963262490928,0.07340727746486664,0.0023351088166236877,0.15247789025306702,0.050741713494062424,0.05595606192946434,0.18149317800998688,0.010430977679789066,-0.0043166871182620525,-0.001116699306294322,0.0574016235768795,0.0165181253105402,0.0,0.0,-0.23174390196800232,-0.053016889840364456,0.0019402694888412952,0.0,-0.01965807005763054,1.849315594881773e-06
50,0,0.07241278141736984,0.10383530638272108,0,-0.006777116563171148,-0.6744589805603027,-0.3026637136936188,0.07884977757930756,-0.1266079545021057,-0.025533022359013557,-0.3412788212299347,-0.04417441785335541,-0.2336881309747696,0.03172176331281662,-0.4917367398738861,-0.4619680345058441,-0.9937988519668579,-0.0012705374974757433,0.0,0.06693077832460403,0.009721383452415466,-0.0647720918059349,-0.00043878756696358323,0.0,-0.18867310881614685,0.019084341824054718,-0.03314833715558052,-0.08207230269908905,-0.01638258993625641,-0.10085170716047287,0.03174060583114624,-0.02638923190534115,-0.0025211127940565348,0.05505608394742012,0.0032464913092553616,0.11458861827850342,0.02446502260863781,0.05574055388569832,0.15706747770309448,0.017542613670229912,-0.005173712503165007,-0.0015768436715006828,0.022444121539592743,0.012318111956119537,0.0,0.0,-0.24561449885368347,-0.05292927101254463,-0.005289077293127775,0.0,-0.0068857367150485516,-0.00028675334760919213
90,0,0.1144617423415184,0.10836273130015639,0,0.3160462975502014,0.052380483597517014,0.1680634617805481,-0.6854825019836426,-0.0191446915268898,0.02946910634636879,0.1852281093597412,-0.09709613770246506,-0.28979620337486267,0.018283428624272346,-0.06421802937984467,-2.294013738632202,0.030218522995710373,3.281180397607386e-05,0.0,0.0386054590344429,0.011605965904891491,-0.03856736421585083,-0.0018615617882460356,0.0,-0.12497076392173767,-0.18163873255252838,-0.038016173988580704,0.05574449896812439,-0.0474543534219265,-0.033368077129125595,0.028604870662093163,-0.034724727272987366,-0.005904285702854395,-0.04335230216383934,-0.0031797741539776325,-0.17446327209472656,0.042272914201021194,-0.07740315794944763,0.19430163502693176,0.022992853075265884,-0.0036381357349455357,-0.0009404776501469314,-0.027180178090929985,-0.007300298195332289,0.0,0.0,-0.1905236393213272,-0.03288864716887474,0.0017940865363925695,0.0,-0.008023589849472046,-0.0026880197692662477
