studyno,incompatible,raw_probability,calibrated_probability
405,0,0.029253358021378517,0.0019975445147718154
395,0,0.8443323373794556,0.4212234979884734
135,0,0.30720746517181396,0.04066535264921023
72,0,0.07258383929729462,0.0058806764344363025
18,0,0.035121481865644455,0.002474158009879619
178,0,0.6607150435447693,0.18530611304722702
324,0,0.08283908665180206,0.006912368651418927
327,0,0.5308470726013184,0.10936325452167296
274,0,0.008602317422628403,0.0004866677351017143
28,0,0.012170876376330853,0.000724471808965893
267,0,0.2803316116333008,0.03529692349206344
248,0,0.08421415090560913,0.007053795054337395
318,1,0.5483301877975464,0.11739327523075561
413,0,0.008720246143639088,0.0004943128636618327
426,0,0.1684088557958603,0.0171117234611963
364,1,0.953022837638855,0.764953838294151
29,0,0.01821323297917843,0.0011524772977702287
344,1,0.9041736125946045,0.5771002910546547
180,0,0.16512839496135712,0.016666674600069552
425,0,0.01255995687097311,0.0007511403004122047
380,1,0.9313217997550964,0.6731977766807684
172,0,0.0703575536608696,0.005662121879606025
236,0,0.5192340016365051,0.10431820727191754
225,0,0.07813683152198792,0.0064342512588289455
140,0,0.038455672562122345,0.002752544315081901
157,0,0.17617744207382202,0.018183832923814317
319,1,0.28154218196868896,0.0355293433198102
299,0,0.08432583510875702,0.007065313822220072
111,0,0.15574437379837036,0.015418358660319698
333,0,0.037849076092243195,0.002701502590993237
114,0,0.23360708355903625,0.02694952762496611
196,0,0.4088919460773468,0.06562071215659669
247,0,0.03799273818731308,0.0027135752783608072
296,0,0.022310340777039528,0.0014575166955912116
26,0,0.02407974936068058,0.0015925101132706954
1,0,0.05034952983260155,0.0037870779107021836
106,0,0.02616998925805092,0.0017543493320332268
9,0,0.27648019790649414,0.034563168933850016
384,0,0.01890568621456623,0.0012032560351559324
8,0,0.015474757179617882,0.0009549908781571981
38,0,0.0069900755770504475,0.0003838283496829689
293,0,0.010620566084980965,0.0006195931353543761
349,1,0.9494274258613586,0.748759582515805
154,0,0.7879982590675354,0.3215080392901714
370,1,0.9858368635177612,0.9295536125855587
59,0,0.0368024967610836,0.002613848456395931
33,0,0.053946759551763535,0.0041120863240940745
387,0,0.38558825850486755,0.05916038592163762
277,0,0.012189613655209541,0.0007257530100477768
373,0,0.2683296203613281,0.03303846532940631
289,0,0.40737298130989075,0.06518430269012837
360,0,0.038926877081394196,0.0027923128994438947
361,0,0.03584842011332512,0.0025343981370271247
397,0,0.2535267472267151,0.03036410963466098
12,0,0.11131102591753006,0.009988648216767338
371,0,0.1598512977361679,0.01596019346842631
229,0,0.01515564601868391,0.0009323403148319606
359,0,0.02242087386548519,0.0014658941799877048
383,1,0.8379761576652527,0.40811290400245986
330,0,0.5602143406867981,0.12317188766310283
233,0,0.2888035178184509,0.03694165830772224
414,1,0.9929692149162292,0.967175920654719
175,0,0.019273918122053146,0.0012303916159140157
19,0,0.8294255137443542,0.39130977964478064
226,0,0.5786952376365662,0.13271840345912436
197,0,0.07274366170167923,0.005896440957032724
20,0,0.015052459202706814,0.0009250329681976068
224,0,0.08107072860002518,0.006731562866368448
86,0,0.05616571754217148,0.004315270606509606
419,0,0.12839637696743011,0.011984364047349495
358,0,0.03169209882616997,0.0021934910759629483
430,0,0.08270473778247833,0.00689858982399308
353,0,0.07177625596523285,0.005801171210918499
294,0,0.04998350143432617,0.003754314616321116
53,0,0.2736406922340393,0.03402769049240011
302,1,0.9545560479164124,0.7719815049516997
198,0,0.01470250729471445,0.0009003126174633843
41,0,0.022043917328119278,0.001437354886863317
77,0,0.40449053049087524,0.06436218251930646
241,0,0.1505669802427292,0.014745157169671369
4,0,0.008928840048611164,0.0005078743662452774
126,0,0.049174632877111435,0.003682115794824277
97,0,0.2997148036956787,0.039123865955530204
42,0,0.01509660854935646,0.0009281584633341952
43,0,0.017618926241993904,0.001109160041609636
345,0,0.007305928040295839,0.00040371777025435807
301,1,0.8506141901016235,0.43473262405968727
376,0,0.004876928403973579,0.0002544717208098323
146,0,0.02535465732216835,0.0016909229636417646
428,0,0.05723225697875023,0.004413655981889841
252,0,0.03778279945254326,0.0026959363021201517
184,0,0.004017651546746492,0.00020401560022597503
221,0,0.09830651432275772,0.008545033758836917
323,0,0.0628509595990181,0.004939636974345156
406,0,0.9216710329055786,0.6368148751671896
16,0,0.07909050583839417,0.006530528174250569
315,1,0.5065181851387024,0.09904048600146546
164,0,0.27522289752960205,0.034325493538799406
116,0,0.032049573957920074,0.002222471645198281
412,0,0.004812174942344427,0.00025062135099595374
119,0,0.008555964566767216,0.00048366712608231615
23,0,0.6234186291694641,0.15906619422815851
279,0,0.30577054619789124,0.04036696359192338
222,0,0.22923517227172852,0.026227245569999624
422,0,0.02320210076868534,0.0015253166778314482
115,0,0.018285121768712997,0.0011577337211941326
231,0,0.89447021484375,0.5471380008143486
10,0,0.049150630831718445,0.003679977680948131
369,0,0.9725244641304016,0.85960702377795
5,0,0.018032049760222435,0.0011392452729937475
273,0,0.057964324951171875,0.004481458023661588
131,0,0.6122884154319763,0.1520362844227039
205,0,0.9180119037628174,0.6236830341348215
350,1,0.977687418460846,0.8863887105163027
40,0,0.015256663784384727,0.0009395020676637507
49,0,0.05385231599211693,0.004103483832151206
78,0,0.4943007528781891,0.09419800110125344
187,0,0.14070649445056915,0.013493075448887335
313,1,0.9840137362480164,0.9198467507016387
183,0,0.073197141289711,0.005941225569484604
246,0,0.29675421118736267,0.038524513078864286
85,0,0.1447853446006775,0.014006260269747045
46,0,0.13595089316368103,0.012903128642369666
328,1,0.7812656164169312,0.3117201040076765
174,0,0.9191340208053589,0.6276724530405986
321,0,0.0417805053293705,0.0030353524789365704
177,0,0.03563002124428749,0.002516272827682247
290,0,0.12680372595787048,0.011793531144931414
95,0,0.20100216567516327,0.021786100138769835
74,0,0.2011057436466217,0.021801708487116492
158,0,0.06375818699598312,0.005025761812896456
34,0,0.14595653116703033,0.014154848458171514
32,0,0.06876124441623688,0.005506611817623068
127,0,0.08549584448337555,0.007186273446022714
145,0,0.05962441861629486,0.00463602361970739
257,0,0.011727720499038696,0.0006942628548606737
235,0,0.06069745495915413,0.004736527456613817
377,0,0.6782186031341553,0.1992521277249406
160,0,0.1598566770553589,0.015960907740505684
410,1,0.7754616737365723,0.30358358655376233
201,0,0.007758373860269785,0.000432433338336271
64,0,0.26147258281707764,0.031784694019274605
249,0,0.07639962434768677,0.0062597801815076
220,0,0.5429264903068542,0.11485325541157684
374,0,0.3602236807346344,0.05266453705677635
215,0,0.0139891617000103,0.0008502245082414782
99,0,0.02982006035745144,0.002042800184611683
378,0,0.3241047263145447,0.04427570067037892
167,0,0.1432965248823166,0.013818170108909395
110,0,0.05506965517997742,0.004214651420497555
212,0,0.012626120820641518,0.0007556886645373709
314,1,0.923616349697113,0.643941890194218
390,0,0.5773977041244507,0.1320247009190227
399,1,0.9849401116371155,0.9247782551272359
155,0,0.0886428952217102,0.007514236482337006
385,0,0.7104165554046631,0.22818167280997445
285,0,0.036140698939561844,0.002558690970030793
346,1,0.9725027084350586,0.8594954651643727
39,0,0.05426014959812164,0.004140658470055487
403,0,0.1784803718328476,0.018506611706353836
130,0,0.4071868658065796,0.06513098174218526
144,0,0.5305935740470886,0.10925074009109881
362,0,0.3694997727870941,0.05497876995231132
173,0,0.009082268923521042,0.0005178805181000191
91,0,0.19960878789424896,0.021576606425731993
134,0,0.00937192514538765,0.000536841702392702
105,0,0.027654238045215607,0.001870768183176805
62,0,0.04996899142861366,0.003753017000747401
432,0,0.11815561354160309,0.01077456975425626
334,0,0.012632767669856548,0.0007561458069009841
80,0,0.1932133138179779,0.02062635800814913
320,1,0.8027482628822327,0.34436218039793237
37,1,0.4978078603744507,0.09556596382889172
195,0,0.12765198945999146,0.011895047282497146
96,0,0.12749361991882324,0.011876072996501279
7,0,0.02617703564465046,0.0017548991241756755
169,0,0.19915510714054108,0.021508586971576628
401,0,0.006947346962988377,0.00038114789166752934
431,0,0.2804469168186188,0.0353190241663432
70,0,0.029523806646466255,0.0020191207833803555
234,0,0.13159146904945374,0.01237020193079559
76,0,0.006283625494688749,0.0003398349845102172
208,0,0.034926995635032654,0.0024580849103184193
421,0,0.03640179708600044,0.002580427045685821
283,0,0.1761903166770935,0.018185631083728924
263,0,0.05863264948129654,0.0045435480795107
348,0,0.8070191144943237,0.35136693822064535
120,0,0.025584980845451355,0.0017088020441083903
200,0,0.11163007467985153,0.010024881278039764
342,0,0.19018758833408356,0.020183201120836155
298,0,0.0755341649055481,0.006173297956431302
6,0,0.4776502251625061,0.08793532468395718
100,0,0.023159747943282127,0.0015220857351143367
182,0,0.027754660695791245,0.0018786888425608545
159,0,0.029974324628710747,0.002055148758565665
47,0,0.5044471025466919,0.09820422032223027
336,0,0.1291666477918625,0.012077015035267435
317,1,0.4854728579521179,0.09083082400486543
326,0,0.047533512115478516,0.003536495925278236
129,0,0.008458887226879597,0.0004773909682475334
141,0,0.153315007686615,0.015101111464807162
391,0,0.807029128074646,0.35138357689630995
71,0,0.39467403292655945,0.06162043153182796
94,0,0.2869102954864502,0.0365704014798537
103,0,0.09210793673992157,0.00787973240687848
424,0,0.577926516532898,0.13230697941705444
185,0,0.4163259267807007,0.06778871010257921
109,0,0.062151700258255005,0.0048734806820382275
79,0,0.012550627812743187,0.0007504992946664332
218,0,0.07006686925888062,0.0056337290763829465
150,0,0.9156164526939392,0.6152762501173905
300,0,0.07619434595108032,0.006239241103018245
66,0,0.7711549401283264,0.2977185519406453
213,0,0.46673253178596497,0.08402693379546497
24,0,0.8946517109870911,0.5476792885788483
44,0,0.7177447080612183,0.23543853584045077
113,0,0.042333610355854034,0.0030828911193350465
264,0,0.07315358519554138,0.005936920577355413
112,0,0.1172163262963295,0.010665646286423792
152,0,0.26341795921325684,0.03213774565110685
238,0,0.030121225863695145,0.002066919554674506
347,0,0.2438013106584549,0.028671277972372487
63,0,0.19765613973140717,0.021284515742949595
407,0,0.6014228463172913,0.14548879362800618
262,0,0.038919538259506226,0.002791692722720324
363,0,0.05146169662475586,0.0038869781188691716
121,0,0.620276927947998,0.15704754252091785
25,0,0.10936742275953293,0.009768766946524187
161,0,0.03767824172973633,0.00268715917672991
227,0,0.04615313559770584,0.0034149174680926067
125,0,0.01984650455415249,0.001272766068063166
230,0,0.06011223793029785,0.004681656298079152
147,0,0.007422580849379301,0.0004110964645717306
329,0,0.15603098273277283,0.01545594607435009
179,0,0.026938389986753464,0.0018144672926568605
308,1,0.6801177859306335,0.20083576929455663
165,0,0.03319370001554489,0.002315661539056363
87,0,0.013462011702358723,0.0008134771715570887
256,0,0.025316894054412842,0.0016879944465040923
31,0,0.13410067558288574,0.012676028317635037
122,0,0.017016267403960228,0.001065488718544067
284,0,0.4735599160194397,0.08645326832377523
128,0,0.07851023972034454,0.006471906217286729
366,1,0.9908626079559326,0.9561961433827111
142,0,0.020058339461684227,0.0012884977554043786
288,0,0.008051546290516853,0.00045117669595579627
423,0,0.04741843044757843,0.0035263282307895914
316,1,0.944433331489563,0.7269281816031579
251,0,0.06072785705327988,0.004739381814053548
312,1,0.9643288850784302,0.818471608471018
392,0,0.07926765829324722,0.0065484511502794975
351,1,0.7971349358558655,0.3354266299893482
65,0,0.09402244538068771,0.008083649332066064
58,0,0.037505485117435455,0.0026726684276773926
240,0,0.48550376296043396,0.09084242544721932
306,1,0.7015007734298706,0.21970661465950217
181,0,0.9078842401504517,0.5891302166595211
84,0,0.21235042810440063,0.02352570579062192
340,0,0.028153328225016594,0.0019101872390607743
420,1,0.9722493290901184,0.8581970515339302
102,0,0.35684195160865784,0.05183778982567012
291,0,0.02313261665403843,0.0015200165544051846
88,0,0.17506030201911926,0.01802807603507181
242,0,0.12100585550069809,0.01110718695485782
408,0,0.02755819261074066,0.0018631979277161984
194,0,0.0647149458527565,0.005116946111119034
137,0,0.7891243696212769,0.32318315740487974
270,0,0.03336377441883087,0.00232957042122037
417,0,0.07048559188842773,0.00567463864998324
15,0,0.37227195501327515,0.05568387336165778
139,0,0.03340064734220505,0.0023325878383943176
117,0,0.028659934177994728,0.0019503379347355387
389,0,0.09103921800851822,0.007766512213719289
11,0,0.0704820528626442,0.005674292594996185
281,0,0.18636958301067352,0.019629812526207022
310,1,0.9390058517456055,0.7040658254045307
260,0,0.17663003504276276,0.01824708808837733
268,0,0.053649723529815674,0.0040850430580185665
124,0,0.02733272686600685,0.0018454466942126443
27,0,0.13763685524463654,0.01311124868815806
255,0,0.0731007531285286,0.005931699763250955
400,0,0.37472301721572876,0.05631257122607207
322,0,0.3324124217033386,0.04612162945284624
258,0,0.08834557235240936,0.0074830890090787135
138,0,0.03757014125585556,0.0026780900991192113
325,0,0.04196060076355934,0.0030508162044412665
81,0,0.10878818482160568,0.009703518193800484
280,0,0.054008837789297104,0.004117742815535163
332,0,0.03959584981203079,0.00284895081227015
282,0,0.0823100283741951,0.006858148649756918
232,0,0.5048494935035706,0.09836619878032889
239,0,0.34796759486198425,0.04971007675698962
223,0,0.012343108654022217,0.0007362603978173637
133,0,0.03736726939678192,0.0026610851519032115
166,0,0.03513271361589432,0.0024750868098163637
92,0,0.2648461163043976,0.032398261986229915
339,0,0.12191850692033768,0.01121435765203938
244,0,0.07646258175373077,0.006266082651075146
433,0,0.43703940510749817,0.07412352572709688
210,0,0.17773093283176422,0.018401319415884923
309,1,0.696253776550293,0.21489192086328276
143,0,0.29614466428756714,0.038401790078012
354,0,0.05139143392443657,0.003880651246861354
98,0,0.0785536840558052,0.006476290707934249
372,0,0.01737685315310955,0.0010915872328148238
394,0,0.40180084109306335,0.06360209192721769
68,0,0.05633116886019707,0.004330502309753626
393,0,0.04907241463661194,0.0036730118615137725
292,0,0.19369617104530334,0.020697457692168107
149,0,0.04320163279771805,0.00315777526877029
69,0,0.15324990451335907,0.015092642974297675
204,0,0.025772320106625557,0.0017233667124383456
375,0,0.008858045563101768,0.0005032662376548819
36,0,0.04090072959661484,0.0029600237812108794
287,0,0.4176882207393646,0.068191876957602
228,0,0.027546551078557968,0.0018622806908520132
276,0,0.008222352713346481,0.0004621448968779605
57,0,0.055018164217472076,0.00420993676718405
13,0,0.05543820932507515,0.004248429373241957
211,0,0.9468663334846497,0.7374680032494522
170,0,0.18726013600826263,0.01975831434498101
429,1,0.9475824236869812,0.7406047812588187
206,0,0.04199628904461861,0.0030538822937141354
356,0,0.14918427169322968,0.014567215547963227
202,0,0.04712977632880211,0.003500850398150613
311,1,0.9570456743240356,0.7835479569675579
367,1,0.7096819281578064,0.22746894129221526
186,0,0.014319675974547863,0.0008733808666109479
118,0,0.03058077208697796,0.0021038146409339087
67,0,0.17360900342464447,0.01782652762021759
416,0,0.04339766874909401,0.003174734176621916
3,0,0.013835410587489605,0.0008394828486605265
188,0,0.02156127244234085,0.0014009422694320332
269,0,0.1367638260126114,0.013003338661515972
17,0,0.008804094977676868,0.0004997582937830424
75,0,0.04743164777755737,0.00352749571574136
156,0,0.05919165909290314,0.004595622508269564
286,0,0.34689217805862427,0.04945628090007178
30,0,0.0554887093603611,0.0042530620851252655
341,0,0.023239251226186752,0.0015281516376236153
48,0,0.23910923302173615,0.02787221392089743
250,0,0.9384203553199768,0.701652533257193
199,0,0.04822771996259689,0.0035979523869848367
217,0,0.02127321995794773,0.0013792798156475217
148,0,0.2269841581583023,0.02585906386590278
398,0,0.05118058621883392,0.003861677821505822
61,0,0.4530569612979889,0.0793387490117372
83,0,0.28941574692726135,0.03706217644571812
