threshold,tn,fp,fn,tp,sensitivity,specificity,precision,f1,f2,youden
0.005,146,168,0,34,1.0,0.46496815286624205,0.16831683168316833,0.288135593220339,0.5029585798816568,0.46496815286624216
0.01,184,130,0,34,1.0,0.5859872611464968,0.2073170731707317,0.3434343434343434,0.5666666666666668,0.5859872611464967
0.015,205,109,0,34,1.0,0.6528662420382165,0.23776223776223776,0.384180790960452,0.6093189964157706,0.6528662420382165
0.02,222,92,0,34,1.0,0.7070063694267515,0.2698412698412698,0.425,0.648854961832061,0.7070063694267517
0.025,231,83,0,34,1.0,0.7356687898089171,0.2905982905982906,0.4503311258278146,0.6719367588932806,0.7356687898089171
0.030000000000000002,236,78,0,34,1.0,0.7515923566878981,0.30357142857142855,0.4657534246575342,0.6854838709677419,0.7515923566878981
0.034999999999999996,244,70,0,34,1.0,0.7770700636942676,0.3269230769230769,0.4927536231884058,0.7083333333333334,0.7770700636942676
0.04,252,62,1,33,0.9705882352941176,0.802547770700637,0.3473684210526316,0.5116279069767442,0.7142857142857143,0.7731360059947545
0.045,255,59,1,33,0.9705882352941176,0.8121019108280255,0.358695652173913,0.5238095238095238,0.7236842105263158,0.7826901461221432
0.049999999999999996,258,56,1,33,0.9705882352941176,0.821656050955414,0.3707865168539326,0.5365853658536586,0.7333333333333333,0.7922442862495318
0.055,261,53,1,33,0.9705882352941176,0.8312101910828026,0.38372093023255816,0.55,0.7432432432432432,0.8017984263769202
0.06,264,50,1,33,0.9705882352941176,0.8407643312101911,0.39759036144578314,0.5641025641025641,0.7534246575342466,0.8113525665043086
0.065,267,47,1,33,0.9705882352941176,0.8503184713375797,0.4125,0.5789473684210525,0.763888888888889,0.8209067066316973
0.07,272,42,1,33,0.9705882352941176,0.8662420382165605,0.44,0.6055045871559633,0.7819905213270142,0.8368302735106781
0.07500000000000001,273,41,1,33,0.9705882352941176,0.8694267515923567,0.44594594594594594,0.6111111111111112,0.7857142857142857,0.8400149868864744
0.08,274,40,1,33,0.9705882352941176,0.8726114649681529,0.4520547945205479,0.616822429906542,0.7894736842105262,0.8431997002622706
0.085,275,39,1,33,0.9705882352941176,0.8757961783439491,0.4583333333333333,0.6226415094339622,0.7932692307692307,0.8463844136380667
0.09000000000000001,277,37,1,33,0.9705882352941176,0.8821656050955414,0.4714285714285714,0.6346153846153846,0.8009708737864077,0.8527538403896591
0.095,279,35,2,32,0.9411764705882353,0.8885350318471338,0.47761194029850745,0.6336633663366337,0.7881773399014778,0.829711502435369
0.1,281,33,4,30,0.8823529411764706,0.8949044585987261,0.47619047619047616,0.6185567010309277,0.7537688442211056,0.7772573997751966
0.10500000000000001,282,32,4,30,0.8823529411764706,0.8980891719745223,0.4838709677419355,0.625,0.7575757575757576,0.7804421131509929
0.11,284,30,4,30,0.8823529411764706,0.9044585987261147,0.5,0.6382978723404256,0.7653061224489797,0.7868115399025852
0.115,285,29,4,30,0.8823529411764706,0.9076433121019108,0.5084745762711864,0.6451612903225806,0.7692307692307693,0.7899962532783813
0.12000000000000001,285,29,5,29,0.8529411764705882,0.9076433121019108,0.5,0.6304347826086956,0.7474226804123711,0.760584488572499
0.125,286,28,5,29,0.8529411764705882,0.910828025477707,0.5087719298245614,0.6373626373626374,0.7512953367875649,0.7637692019482953
0.13,286,28,5,29,0.8529411764705882,0.910828025477707,0.5087719298245614,0.6373626373626374,0.7512953367875649,0.7637692019482953
0.135,289,25,5,29,0.8529411764705882,0.9203821656050956,0.5370370370370371,0.6590909090909091,0.763157894736842,0.7733233420756838
0.14,289,25,5,29,0.8529411764705882,0.9203821656050956,0.5370370370370371,0.6590909090909091,0.763157894736842,0.7733233420756838
0.14500000000000002,289,25,5,29,0.8529411764705882,0.9203821656050956,0.5370370370370371,0.6590909090909091,0.763157894736842,0.7733233420756838
0.15,290,24,5,29,0.8529411764705882,0.9235668789808917,0.5471698113207547,0.6666666666666666,0.7671957671957671,0.77650805545148
0.155,291,23,5,29,0.8529411764705882,0.9267515923566879,0.5576923076923077,0.6744186046511628,0.7712765957446808,0.7796927688272761
0.16,293,21,5,29,0.8529411764705882,0.9331210191082803,0.58,0.6904761904761905,0.7795698924731181,0.7860621955788685
0.165,293,21,5,29,0.8529411764705882,0.9331210191082803,0.58,0.6904761904761905,0.7795698924731181,0.7860621955788685
0.17,293,21,5,29,0.8529411764705882,0.9331210191082803,0.58,0.6904761904761905,0.7795698924731181,0.7860621955788685
0.17500000000000002,293,21,5,29,0.8529411764705882,0.9331210191082803,0.58,0.6904761904761905,0.7795698924731181,0.7860621955788685
0.18000000000000002,293,21,5,29,0.8529411764705882,0.9331210191082803,0.58,0.6904761904761905,0.7795698924731181,0.7860621955788685
0.185,293,21,5,29,0.8529411764705882,0.9331210191082803,0.58,0.6904761904761905,0.7795698924731181,0.7860621955788685
0.19,294,20,5,29,0.8529411764705882,0.9363057324840764,0.5918367346938775,0.6987951807228915,0.7837837837837837,0.7892469089546648
0.195,294,20,5,29,0.8529411764705882,0.9363057324840764,0.5918367346938775,0.6987951807228915,0.7837837837837837,0.7892469089546648
0.2,295,19,5,29,0.8529411764705882,0.9394904458598726,0.6041666666666666,0.7073170731707317,0.7880434782608695,0.7924316223304608
0.20500000000000002,295,19,6,28,0.8235294117647058,0.9394904458598726,0.5957446808510638,0.691358024691358,0.7650273224043717,0.7630198576245784
0.21000000000000002,295,19,6,28,0.8235294117647058,0.9394904458598726,0.5957446808510638,0.691358024691358,0.7650273224043717,0.7630198576245784
0.215,295,19,7,27,0.7941176470588235,0.9394904458598726,0.5869565217391305,0.675,0.7417582417582417,0.7336080929186961
0.22,295,19,8,26,0.7647058823529411,0.9394904458598726,0.5777777777777777,0.6582278481012658,0.7182320441988949,0.7041963282128139
0.225,295,19,8,26,0.7647058823529411,0.9394904458598726,0.5777777777777777,0.6582278481012658,0.7182320441988949,0.7041963282128139
0.23,296,18,9,25,0.7352941176470589,0.9426751592356688,0.5813953488372093,0.6493506493506493,0.6983240223463688,0.6779692768827277
0.23500000000000001,296,18,9,25,0.7352941176470589,0.9426751592356688,0.5813953488372093,0.6493506493506493,0.6983240223463688,0.6779692768827277
0.24000000000000002,297,17,9,25,0.7352941176470589,0.945859872611465,0.5952380952380952,0.6578947368421053,0.702247191011236,0.6811539902585237
0.245,297,17,9,25,0.7352941176470589,0.945859872611465,0.5952380952380952,0.6578947368421053,0.702247191011236,0.6811539902585237
0.25,297,17,9,25,0.7352941176470589,0.945859872611465,0.5952380952380952,0.6578947368421053,0.702247191011236,0.6811539902585237
0.255,297,17,9,25,0.7352941176470589,0.945859872611465,0.5952380952380952,0.6578947368421053,0.702247191011236,0.6811539902585237
0.26,297,17,9,25,0.7352941176470589,0.945859872611465,0.5952380952380952,0.6578947368421053,0.702247191011236,0.6811539902585237
0.265,297,17,9,25,0.7352941176470589,0.945859872611465,0.5952380952380952,0.6578947368421053,0.702247191011236,0.6811539902585237
0.27,297,17,9,25,0.7352941176470589,0.945859872611465,0.5952380952380952,0.6578947368421053,0.702247191011236,0.6811539902585237
0.275,297,17,9,25,0.7352941176470589,0.945859872611465,0.5952380952380952,0.6578947368421053,0.702247191011236,0.6811539902585237
0.28,297,17,9,25,0.7352941176470589,0.945859872611465,0.5952380952380952,0.6578947368421053,0.702247191011236,0.6811539902585237
0.28500000000000003,297,17,9,25,0.7352941176470589,0.945859872611465,0.5952380952380952,0.6578947368421053,0.702247191011236,0.6811539902585237
0.29000000000000004,297,17,9,25,0.7352941176470589,0.945859872611465,0.5952380952380952,0.6578947368421053,0.702247191011236,0.6811539902585237
0.295,297,17,9,25,0.7352941176470589,0.945859872611465,0.5952380952380952,0.6578947368421053,0.702247191011236,0.6811539902585237
0.3,298,16,9,25,0.7352941176470589,0.9490445859872612,0.6097560975609756,0.6666666666666666,0.7062146892655369,0.68433870363432
0.305,298,16,10,24,0.7058823529411765,0.9490445859872612,0.6,0.6486486486486486,0.6818181818181818,0.6549269389284378
0.31,298,16,10,24,0.7058823529411765,0.9490445859872612,0.6,0.6486486486486486,0.6818181818181818,0.6549269389284378
0.315,298,16,11,23,0.6764705882352942,0.9490445859872612,0.5897435897435898,0.6301369863013699,0.6571428571428573,0.6255151742225553
0.32,298,16,11,23,0.6764705882352942,0.9490445859872612,0.5897435897435898,0.6301369863013699,0.6571428571428573,0.6255151742225553
0.325,300,14,11,23,0.6764705882352942,0.9554140127388535,0.6216216216216216,0.6478873239436619,0.6647398843930636,0.6318846009741477
0.33,300,14,11,23,0.6764705882352942,0.9554140127388535,0.6216216216216216,0.6478873239436619,0.6647398843930636,0.6318846009741477
0.335,300,14,11,23,0.6764705882352942,0.9554140127388535,0.6216216216216216,0.6478873239436619,0.6647398843930636,0.6318846009741477
0.34,300,14,12,22,0.6470588235294118,0.9554140127388535,0.6111111111111112,0.6285714285714287,0.6395348837209303,0.6024728362682654
0.34500000000000003,300,14,13,21,0.6176470588235294,0.9554140127388535,0.6,0.608695652173913,0.6140350877192983,0.573061071562383
0.35000000000000003,300,14,13,21,0.6176470588235294,0.9554140127388535,0.6,0.608695652173913,0.6140350877192983,0.573061071562383
0.35500000000000004,302,12,13,21,0.6176470588235294,0.9617834394904459,0.6363636363636364,0.6268656716417911,0.6213017751479291,0.5794304983139753
0.36,302,12,13,21,0.6176470588235294,0.9617834394904459,0.6363636363636364,0.6268656716417911,0.6213017751479291,0.5794304983139753
0.365,302,12,13,21,0.6176470588235294,0.9617834394904459,0.6363636363636364,0.6268656716417911,0.6213017751479291,0.5794304983139753
0.37,302,12,13,21,0.6176470588235294,0.9617834394904459,0.6363636363636364,0.6268656716417911,0.6213017751479291,0.5794304983139753
0.375,302,12,13,21,0.6176470588235294,0.9617834394904459,0.6363636363636364,0.6268656716417911,0.6213017751479291,0.5794304983139753
0.38,302,12,13,21,0.6176470588235294,0.9617834394904459,0.6363636363636364,0.6268656716417911,0.6213017751479291,0.5794304983139753
0.385,302,12,13,21,0.6176470588235294,0.9617834394904459,0.6363636363636364,0.6268656716417911,0.6213017751479291,0.5794304983139753
0.39,302,12,13,21,0.6176470588235294,0.9617834394904459,0.6363636363636364,0.6268656716417911,0.6213017751479291,0.5794304983139753
0.395,303,11,13,21,0.6176470588235294,0.964968152866242,0.65625,0.6363636363636364,0.625,0.5826152116897716
0.4,303,11,13,21,0.6176470588235294,0.964968152866242,0.65625,0.6363636363636364,0.625,0.5826152116897716
0.405,303,11,13,21,0.6176470588235294,0.964968152866242,0.65625,0.6363636363636364,0.625,0.5826152116897716
0.41000000000000003,303,11,14,20,0.5882352941176471,0.964968152866242,0.6451612903225806,0.6153846153846154,0.5988023952095808,0.5532034469838891
0.41500000000000004,303,11,14,20,0.5882352941176471,0.964968152866242,0.6451612903225806,0.6153846153846154,0.5988023952095808,0.5532034469838891
0.42000000000000004,303,11,14,20,0.5882352941176471,0.964968152866242,0.6451612903225806,0.6153846153846154,0.5988023952095808,0.5532034469838891
0.425,304,10,14,20,0.5882352941176471,0.9681528662420382,0.6666666666666666,0.625,0.6024096385542168,0.5563881603596852
0.43,304,10,14,20,0.5882352941176471,0.9681528662420382,0.6666666666666666,0.625,0.6024096385542168,0.5563881603596852
0.435,304,10,15,19,0.5588235294117647,0.9681528662420382,0.6551724137931034,0.6031746031746031,0.5757575757575757,0.5269763956538029
0.44,304,10,15,19,0.5588235294117647,0.9681528662420382,0.6551724137931034,0.6031746031746031,0.5757575757575757,0.5269763956538029
0.445,304,10,15,19,0.5588235294117647,0.9681528662420382,0.6551724137931034,0.6031746031746031,0.5757575757575757,0.5269763956538029
0.45,304,10,15,19,0.5588235294117647,0.9681528662420382,0.6551724137931034,0.6031746031746031,0.5757575757575757,0.5269763956538029
0.455,304,10,15,19,0.5588235294117647,0.9681528662420382,0.6551724137931034,0.6031746031746031,0.5757575757575757,0.5269763956538029
0.46,304,10,15,19,0.5588235294117647,0.9681528662420382,0.6551724137931034,0.6031746031746031,0.5757575757575757,0.5269763956538029
0.465,304,10,15,19,0.5588235294117647,0.9681528662420382,0.6551724137931034,0.6031746031746031,0.5757575757575757,0.5269763956538029
0.47000000000000003,304,10,15,19,0.5588235294117647,0.9681528662420382,0.6551724137931034,0.6031746031746031,0.5757575757575757,0.5269763956538029
0.47500000000000003,304,10,15,19,0.5588235294117647,0.9681528662420382,0.6551724137931034,0.6031746031746031,0.5757575757575757,0.5269763956538029
0.48000000000000004,304,10,15,19,0.5588235294117647,0.9681528662420382,0.6551724137931034,0.6031746031746031,0.5757575757575757,0.5269763956538029
0.485,304,10,15,19,0.5588235294117647,0.9681528662420382,0.6551724137931034,0.6031746031746031,0.5757575757575757,0.5269763956538029
0.49,304,10,15,19,0.5588235294117647,0.9681528662420382,0.6551724137931034,0.6031746031746031,0.5757575757575757,0.5269763956538029
0.495,304,10,15,19,0.5588235294117647,0.9681528662420382,0.6551724137931034,0.6031746031746031,0.5757575757575757,0.5269763956538029
0.5,304,10,15,19,0.5588235294117647,0.9681528662420382,0.6551724137931034,0.6031746031746031,0.5757575757575757,0.5269763956538029
0.505,304,10,15,19,0.5588235294117647,0.9681528662420382,0.6551724137931034,0.6031746031746031,0.5757575757575757,0.5269763956538029
0.51,304,10,15,19,0.5588235294117647,0.9681528662420382,0.6551724137931034,0.6031746031746031,0.5757575757575757,0.5269763956538029
0.515,304,10,15,19,0.5588235294117647,0.9681528662420382,0.6551724137931034,0.6031746031746031,0.5757575757575757,0.5269763956538029
0.52,304,10,15,19,0.5588235294117647,0.9681528662420382,0.6551724137931034,0.6031746031746031,0.5757575757575757,0.5269763956538029
0.525,304,10,15,19,0.5588235294117647,0.9681528662420382,0.6551724137931034,0.6031746031746031,0.5757575757575757,0.5269763956538029
0.53,304,10,15,19,0.5588235294117647,0.9681528662420382,0.6551724137931034,0.6031746031746031,0.5757575757575757,0.5269763956538029
0.535,304,10,15,19,0.5588235294117647,0.9681528662420382,0.6551724137931034,0.6031746031746031,0.5757575757575757,0.5269763956538029
0.54,304,10,15,19,0.5588235294117647,0.9681528662420382,0.6551724137931034,0.6031746031746031,0.5757575757575757,0.5269763956538029
0.545,304,10,15,19,0.5588235294117647,0.9681528662420382,0.6551724137931034,0.6031746031746031,0.5757575757575757,0.5269763956538029
0.55,306,8,15,19,0.5588235294117647,0.9745222929936306,0.7037037037037037,0.6229508196721312,0.5828220858895706,0.5333458224053953
0.555,306,8,15,19,0.5588235294117647,0.9745222929936306,0.7037037037037037,0.6229508196721312,0.5828220858895706,0.5333458224053953
0.56,306,8,15,19,0.5588235294117647,0.9745222929936306,0.7037037037037037,0.6229508196721312,0.5828220858895706,0.5333458224053953
0.5650000000000001,306,8,15,19,0.5588235294117647,0.9745222929936306,0.7037037037037037,0.6229508196721312,0.5828220858895706,0.5333458224053953
0.5700000000000001,306,8,15,19,0.5588235294117647,0.9745222929936306,0.7037037037037037,0.6229508196721312,0.5828220858895706,0.5333458224053953
0.5750000000000001,306,8,15,19,0.5588235294117647,0.9745222929936306,0.7037037037037037,0.6229508196721312,0.5828220858895706,0.5333458224053953
0.5800000000000001,306,8,16,18,0.5294117647058824,0.9745222929936306,0.6923076923076923,0.5999999999999999,0.5555555555555556,0.5039340576995128
0.585,306,8,16,18,0.5294117647058824,0.9745222929936306,0.6923076923076923,0.5999999999999999,0.5555555555555556,0.5039340576995128
0.59,307,7,16,18,0.5294117647058824,0.9777070063694268,0.72,0.6101694915254237,0.5590062111801243,0.5071187710753091
0.595,307,7,16,18,0.5294117647058824,0.9777070063694268,0.72,0.6101694915254237,0.5590062111801243,0.5071187710753091
0.6,307,7,16,18,0.5294117647058824,0.9777070063694268,0.72,0.6101694915254237,0.5590062111801243,0.5071187710753091
0.605,307,7,16,18,0.5294117647058824,0.9777070063694268,0.72,0.6101694915254237,0.5590062111801243,0.5071187710753091
0.61,307,7,16,18,0.5294117647058824,0.9777070063694268,0.72,0.6101694915254237,0.5590062111801243,0.5071187710753091
0.615,307,7,16,18,0.5294117647058824,0.9777070063694268,0.72,0.6101694915254237,0.5590062111801243,0.5071187710753091
0.62,308,6,16,18,0.5294117647058824,0.9808917197452229,0.75,0.6206896551724139,0.5625,0.5103034844511054
0.625,309,5,16,18,0.5294117647058824,0.9840764331210191,0.782608695652174,0.631578947368421,0.5660377358490566,0.5134881978269015
0.63,310,4,16,18,0.5294117647058824,0.9872611464968153,0.8181818181818182,0.6428571428571428,0.5696202531645569,0.5166729112026975
0.635,310,4,16,18,0.5294117647058824,0.9872611464968153,0.8181818181818182,0.6428571428571428,0.5696202531645569,0.5166729112026975
0.64,311,3,16,18,0.5294117647058824,0.9904458598726115,0.8571428571428571,0.6545454545454545,0.5732484076433121,0.5198576245784938
0.645,311,3,17,17,0.5,0.9904458598726115,0.85,0.6296296296296295,0.5448717948717949,0.4904458598726116
0.65,311,3,17,17,0.5,0.9904458598726115,0.85,0.6296296296296295,0.5448717948717949,0.4904458598726116
0.655,311,3,17,17,0.5,0.9904458598726115,0.85,0.6296296296296295,0.5448717948717949,0.4904458598726116
0.66,311,3,17,17,0.5,0.9904458598726115,0.85,0.6296296296296295,0.5448717948717949,0.4904458598726116
0.665,311,3,17,17,0.5,0.9904458598726115,0.85,0.6296296296296295,0.5448717948717949,0.4904458598726116
0.67,311,3,17,17,0.5,0.9904458598726115,0.85,0.6296296296296295,0.5448717948717949,0.4904458598726116
0.675,311,3,18,16,0.47058823529411764,0.9904458598726115,0.8421052631578947,0.6037735849056604,0.5161290322580645,0.4610340951667291
0.68,311,3,18,16,0.47058823529411764,0.9904458598726115,0.8421052631578947,0.6037735849056604,0.5161290322580645,0.4610340951667291
0.685,311,3,18,16,0.47058823529411764,0.9904458598726115,0.8421052631578947,0.6037735849056604,0.5161290322580645,0.4610340951667291
0.6900000000000001,311,3,18,16,0.47058823529411764,0.9904458598726115,0.8421052631578947,0.6037735849056604,0.5161290322580645,0.4610340951667291
0.6950000000000001,311,3,18,16,0.47058823529411764,0.9904458598726115,0.8421052631578947,0.6037735849056604,0.5161290322580645,0.4610340951667291
0.7000000000000001,311,3,18,16,0.47058823529411764,0.9904458598726115,0.8421052631578947,0.6037735849056604,0.5161290322580645,0.4610340951667291
0.7050000000000001,312,2,19,15,0.4411764705882353,0.9936305732484076,0.8823529411764706,0.5882352941176471,0.4901960784313726,0.4348070438366429
0.71,312,2,19,15,0.4411764705882353,0.9936305732484076,0.8823529411764706,0.5882352941176471,0.4901960784313726,0.4348070438366429
0.715,312,2,19,15,0.4411764705882353,0.9936305732484076,0.8823529411764706,0.5882352941176471,0.4901960784313726,0.4348070438366429
0.72,312,2,19,15,0.4411764705882353,0.9936305732484076,0.8823529411764706,0.5882352941176471,0.4901960784313726,0.4348070438366429
0.725,312,2,19,15,0.4411764705882353,0.9936305732484076,0.8823529411764706,0.5882352941176471,0.4901960784313726,0.4348070438366429
0.73,312,2,20,14,0.4117647058823529,0.9936305732484076,0.875,0.56,0.4605263157894737,0.4053952791307607
0.735,312,2,20,14,0.4117647058823529,0.9936305732484076,0.875,0.56,0.4605263157894737,0.4053952791307607
0.74,313,1,20,14,0.4117647058823529,0.9968152866242038,0.9333333333333333,0.5714285714285713,0.46357615894039733,0.40857999250655674
0.745,313,1,21,13,0.38235294117647056,0.9968152866242038,0.9285714285714286,0.5416666666666667,0.4333333333333334,0.3791682278006743
0.75,313,1,22,12,0.35294117647058826,0.9968152866242038,0.9230769230769231,0.5106382978723405,0.40268456375838935,0.349756463094792
0.755,313,1,22,12,0.35294117647058826,0.9968152866242038,0.9230769230769231,0.5106382978723405,0.40268456375838935,0.349756463094792
0.76,313,1,22,12,0.35294117647058826,0.9968152866242038,0.9230769230769231,0.5106382978723405,0.40268456375838935,0.349756463094792
0.765,313,1,23,11,0.3235294117647059,0.9968152866242038,0.9166666666666666,0.4782608695652174,0.37162162162162166,0.3203446983889098
0.77,313,1,23,11,0.3235294117647059,0.9968152866242038,0.9166666666666666,0.4782608695652174,0.37162162162162166,0.3203446983889098
0.775,313,1,24,10,0.29411764705882354,0.9968152866242038,0.9090909090909091,0.4444444444444445,0.3401360544217687,0.2909329336830273
0.78,313,1,24,10,0.29411764705882354,0.9968152866242038,0.9090909090909091,0.4444444444444445,0.3401360544217687,0.2909329336830273
0.785,313,1,25,9,0.2647058823529412,0.9968152866242038,0.9,0.40909090909090906,0.3082191780821918,0.26152116897714506
0.79,313,1,25,9,0.2647058823529412,0.9968152866242038,0.9,0.40909090909090906,0.3082191780821918,0.26152116897714506
0.795,313,1,25,9,0.2647058823529412,0.9968152866242038,0.9,0.40909090909090906,0.3082191780821918,0.26152116897714506
0.8,313,1,25,9,0.2647058823529412,0.9968152866242038,0.9,0.40909090909090906,0.3082191780821918,0.26152116897714506
0.805,313,1,25,9,0.2647058823529412,0.9968152866242038,0.9,0.40909090909090906,0.3082191780821918,0.26152116897714506
0.81,313,1,25,9,0.2647058823529412,0.9968152866242038,0.9,0.40909090909090906,0.3082191780821918,0.26152116897714506
0.8150000000000001,313,1,25,9,0.2647058823529412,0.9968152866242038,0.9,0.40909090909090906,0.3082191780821918,0.26152116897714506
0.8200000000000001,313,1,26,8,0.23529411764705882,0.9968152866242038,0.8888888888888888,0.3720930232558139,0.2758620689655173,0.2321094042712626
0.8250000000000001,313,1,26,8,0.23529411764705882,0.9968152866242038,0.8888888888888888,0.3720930232558139,0.2758620689655173,0.2321094042712626
0.8300000000000001,313,1,26,8,0.23529411764705882,0.9968152866242038,0.8888888888888888,0.3720930232558139,0.2758620689655173,0.2321094042712626
0.8350000000000001,313,1,26,8,0.23529411764705882,0.9968152866242038,0.8888888888888888,0.3720930232558139,0.2758620689655173,0.2321094042712626
0.84,313,1,26,8,0.23529411764705882,0.9968152866242038,0.8888888888888888,0.3720930232558139,0.2758620689655173,0.2321094042712626
0.845,313,1,26,8,0.23529411764705882,0.9968152866242038,0.8888888888888888,0.3720930232558139,0.2758620689655173,0.2321094042712626
0.85,313,1,26,8,0.23529411764705882,0.9968152866242038,0.8888888888888888,0.3720930232558139,0.2758620689655173,0.2321094042712626
0.855,313,1,26,8,0.23529411764705882,0.9968152866242038,0.8888888888888888,0.3720930232558139,0.2758620689655173,0.2321094042712626
0.86,314,0,28,6,0.17647058823529413,1.0,1.0,0.3,0.2112676056338028,0.17647058823529416
0.865,314,0,28,6,0.17647058823529413,1.0,1.0,0.3,0.2112676056338028,0.17647058823529416
0.87,314,0,28,6,0.17647058823529413,1.0,1.0,0.3,0.2112676056338028,0.17647058823529416
0.875,314,0,28,6,0.17647058823529413,1.0,1.0,0.3,0.2112676056338028,0.17647058823529416
0.88,314,0,28,6,0.17647058823529413,1.0,1.0,0.3,0.2112676056338028,0.17647058823529416
0.885,314,0,28,6,0.17647058823529413,1.0,1.0,0.3,0.2112676056338028,0.17647058823529416
0.89,314,0,29,5,0.14705882352941177,1.0,1.0,0.25641025641025644,0.1773049645390071,0.1470588235294117
0.895,314,0,29,5,0.14705882352941177,1.0,1.0,0.25641025641025644,0.1773049645390071,0.1470588235294117
0.9,314,0,29,5,0.14705882352941177,1.0,1.0,0.25641025641025644,0.1773049645390071,0.1470588235294117
0.905,314,0,29,5,0.14705882352941177,1.0,1.0,0.25641025641025644,0.1773049645390071,0.1470588235294117
0.91,314,0,29,5,0.14705882352941177,1.0,1.0,0.25641025641025644,0.1773049645390071,0.1470588235294117
0.915,314,0,29,5,0.14705882352941177,1.0,1.0,0.25641025641025644,0.1773049645390071,0.1470588235294117
0.92,314,0,30,4,0.11764705882352941,1.0,1.0,0.21052631578947367,0.14285714285714288,0.11764705882352944
0.925,314,0,31,3,0.08823529411764706,1.0,1.0,0.1621621621621622,0.10791366906474822,0.08823529411764697
0.93,314,0,32,2,0.058823529411764705,1.0,1.0,0.1111111111111111,0.07246376811594203,0.05882352941176472
0.935,314,0,32,2,0.058823529411764705,1.0,1.0,0.1111111111111111,0.07246376811594203,0.05882352941176472
0.9400000000000001,314,0,32,2,0.058823529411764705,1.0,1.0,0.1111111111111111,0.07246376811594203,0.05882352941176472
0.9450000000000001,314,0,32,2,0.058823529411764705,1.0,1.0,0.1111111111111111,0.07246376811594203,0.05882352941176472
0.9500000000000001,314,0,32,2,0.058823529411764705,1.0,1.0,0.1111111111111111,0.07246376811594203,0.05882352941176472
0.9550000000000001,314,0,32,2,0.058823529411764705,1.0,1.0,0.1111111111111111,0.07246376811594203,0.05882352941176472
0.9600000000000001,314,0,33,1,0.029411764705882353,1.0,1.0,0.05714285714285715,0.03649635036496351,0.02941176470588225
0.965,314,0,33,1,0.029411764705882353,1.0,1.0,0.05714285714285715,0.03649635036496351,0.02941176470588225
0.97,314,0,34,0,0.0,1.0,0.0,0.0,0.0,0.0
0.975,314,0,34,0,0.0,1.0,0.0,0.0,0.0,0.0
0.98,314,0,34,0,0.0,1.0,0.0,0.0,0.0,0.0
0.985,314,0,34,0,0.0,1.0,0.0,0.0,0.0,0.0
0.99,314,0,34,0,0.0,1.0,0.0,0.0,0.0,0.0
0.995,314,0,34,0,0.0,1.0,0.0,0.0,0.0,0.0
